Metric,Value
R² Score,0.986619963346041
Adjusted R²,0.9852158854255638
Mean Squared Error,0.0018325281682698474
Root MSE,0.04280803859405202
Mean Absolute Error,0.032436141628341124
Median Absolute Error,0.02311318640722182
Explained Variance,0.986632792111385
Max Error,0.1506098857673268
