Feature,RF_SHAP_Value,RF_Mean_SHAP,BuiltIn_Importance
teacher_student_relationship,1.4389536579477797,-0.24079813882539647,0.6369728912808303
headache,0.48873196738794855,0.053092996487914906,0.14199919758537058
living_conditions,0.4439031819346139,0.043399935526964015,0.07549984770355439
noise_level,0.42873422055454463,-0.02844505403152619,0.08851037469091155
academic_performance,0.3003547374581237,0.030187540760660072,0.05701768873933308
