Feature,GB_SHAP_Value,GB_Mean_SHAP
teacher_student_relationship,1.1248954523924382,-0.08085576477956873
noise_level,0.5834169818757636,-0.07001535380410097
headache,0.5831246694313971,-0.04862308070807937
living_conditions,0.3859758728368891,-0.021954433453438102
academic_performance,0.34836706462340467,0.027519286162941425
