Feature,RF_SHAP_Value,RF_Mean_SHAP,BuiltIn_Importance
teacher_student_relationship,1.4342556192390024,-0.2353131425009609,0.6257320310464449
headache,0.48664900902803365,0.014066762988527997,0.11357173165711998
noise_level,0.46242680666040503,-0.05009379761967601,0.12955606484454157
living_conditions,0.4541170865635708,-0.007809373107510112,0.0819840654385518
academic_performance,0.27218531866048634,0.07543618465514189,0.049156107013341784
