anxiety_level,self_esteem,depression,headache,sleep_quality,noise_level,living_conditions,basic_needs,academic_performance,study_load,teacher_student_relationship,future_career_concerns,social_support,peer_pressure,anxiety_level_normalized,self_esteem_normalized,depression_normalized,headache_normalized,sleep_quality_normalized,noise_level_normalized,living_conditions_normalized,basic_needs_normalized,academic_performance_normalized,study_load_normalized,teacher_student_relationship_normalized,future_career_concerns_normalized,social_support_normalized,peer_pressure_normalized,stress_level
14,20,11,2,2,2,3,2,3,2,3,3,2,3,3.6666666666666665,2.3333333333333335,2.6296296296296298,2.6,3.4,2.6,3.0,3.4,2.6,2.6,2.6,3.4,3.4,3.4,2.829012345679012
15,8,15,5,1,3,1,2,1,4,1,5,1,4,3.857142857142857,3.9333333333333336,3.2222222222222223,5.0,4.2,3.4,1.0,3.4,4.2,4.2,4.2,5.0,4.2,4.2,2.4449735449735446
12,18,14,2,2,2,2,2,2,3,3,2,2,3,3.2857142857142856,2.6,3.074074074074074,2.6,3.4,2.6,2.0,3.4,3.4,3.4,2.6,2.6,3.4,3.4,2.689991181657848
16,12,15,4,1,4,2,2,2,4,1,4,1,4,4.0476190476190474,3.4,3.2222222222222223,4.2,4.2,4.2,2.0,3.4,3.4,4.2,4.2,4.2,4.2,4.2,2.6945767195767196
16,28,7,2,5,3,2,3,4,3,1,2,1,5,4.0476190476190474,1.2666666666666666,2.037037037037037,2.6,1.0,3.4,2.0,2.6,1.7999999999999998,3.4,4.2,2.6,4.2,5.0,3.3118606701940037
20,13,21,3,1,3,2,1,2,5,2,5,1,4,4.809523809523809,3.2666666666666666,4.111111111111111,3.4,4.2,3.4,2.0,4.2,3.4,5.0,3.4,5.0,4.2,4.2,2.830026455026455
4,26,6,1,4,1,4,4,5,1,4,1,3,2,1.7619047619047619,1.5333333333333332,1.8888888888888888,1.8,1.7999999999999998,1.8,4.0,1.7999999999999998,1.0,1.8,1.7999999999999998,1.8,2.6,2.6,2.7271164021164025
17,3,22,4,1,3,1,1,1,3,2,4,1,4,4.238095238095238,4.6,4.2592592592592595,4.2,4.2,3.4,1.0,4.2,4.2,3.4,3.4,4.2,4.2,4.2,2.0707231040564373
13,22,12,3,2,3,3,3,3,3,2,3,3,3,3.4761904761904763,2.066666666666667,2.7777777777777777,3.4,3.4,3.4,3.0,2.6,2.6,3.4,3.4,3.4,2.6,3.4,3.0605820105820105
6,8,27,4,1,0,5,2,2,2,1,5,1,5,2.142857142857143,3.9333333333333336,5.0,4.2,4.2,1.0,5.0,3.4,3.4,2.6,4.2,5.0,4.2,5.0,2.4142857142857137
17,12,25,4,1,4,2,1,1,3,1,4,1,4,4.238095238095238,3.4,4.703703703703704,4.2,4.2,4.2,2.0,4.2,4.2,3.4,4.2,4.2,4.2,4.2,2.7975749559082894
17,15,22,3,1,5,2,1,1,3,1,4,1,5,4.238095238095238,3.0,4.2592592592592595,3.4,4.2,5.0,2.0,4.2,4.2,3.4,4.2,4.2,4.2,5.0,3.012389770723104
5,28,8,1,4,2,3,5,5,2,4,1,3,1,1.9523809523809523,1.2666666666666666,2.185185185185185,1.8,1.7999999999999998,2.6,3.0,1.0,1.0,2.6,1.7999999999999998,1.8,2.6,1.8,2.8390652557319225
9,23,24,4,1,1,2,3,1,2,3,3,0,1,2.7142857142857144,1.9333333333333336,4.555555555555555,4.2,4.2,1.8,2.0,2.6,4.2,2.6,2.6,3.4,5.0,1.8,3.061243386243386
2,28,3,1,4,1,3,4,4,2,5,1,3,1,1.380952380952381,1.2666666666666666,1.4444444444444444,1.8,1.7999999999999998,1.8,3.0,1.7999999999999998,1.7999999999999998,2.6,1.0,1.8,2.6,1.8,2.7843915343915344
11,21,14,3,2,2,2,2,3,3,3,3,2,3,3.0952380952380953,2.2,3.074074074074074,3.4,3.4,2.6,2.0,3.4,2.6,3.4,2.6,3.4,3.4,3.4,2.9153880070546734
6,28,1,1,4,1,4,4,5,1,5,1,3,2,2.142857142857143,1.2666666666666666,1.1481481481481481,1.8,1.7999999999999998,1.8,4.0,1.7999999999999998,1.0,1.8,1.0,1.8,2.6,2.6,2.812125220458554
7,25,3,1,4,2,4,4,4,2,5,1,3,1,2.333333333333333,1.666666666666666,1.4444444444444444,1.8,1.7999999999999998,2.6,4.0,1.7999999999999998,1.7999999999999998,2.6,1.0,1.8,2.6,1.8,2.6990740740740744
11,23,12,3,2,3,2,3,2,3,2,2,3,3,3.0952380952380953,1.9333333333333336,2.7777777777777777,3.4,3.4,3.4,2.0,2.6,3.4,3.4,3.4,2.6,2.6,3.4,3.0697089947089946
21,1,25,4,1,4,1,1,1,5,2,5,1,4,5.0,4.866666666666667,4.703703703703704,4.2,4.2,4.2,1.0,4.2,4.2,5.0,3.4,5.0,4.2,4.2,2.1209876543209876
3,27,0,1,4,1,3,4,5,2,5,1,3,1,1.5714285714285714,1.4000000000000004,1.0,1.8,1.7999999999999998,1.8,3.0,1.7999999999999998,1.0,2.6,1.0,1.8,2.6,1.8,2.6738095238095236
18,1,21,4,1,5,1,2,2,5,1,4,1,4,4.428571428571429,4.866666666666667,4.111111111111111,4.2,4.2,5.0,1.0,3.4,3.4,5.0,4.2,4.2,4.2,4.2,2.0391534391534387
7,27,5,1,4,1,3,5,4,2,5,1,3,1,2.333333333333333,1.4000000000000004,1.7407407407407407,1.8,1.7999999999999998,1.8,3.0,1.0,1.7999999999999998,2.6,1.0,1.8,2.6,1.8,2.7364197530864196
20,5,26,3,1,4,2,2,1,3,1,4,1,5,4.809523809523809,4.333333333333334,4.851851851851851,3.4,4.2,4.2,2.0,3.4,4.2,3.4,4.2,4.2,4.2,5.0,2.3275573192239856
13,21,14,3,2,3,2,3,3,2,3,2,3,3,3.4761904761904763,2.2,3.074074074074074,3.4,3.4,3.4,2.0,2.6,2.6,2.6,2.6,2.6,2.6,3.4,2.864594356261023
6,26,8,1,5,2,4,4,4,1,4,1,3,2,2.142857142857143,1.5333333333333332,2.185185185185185,1.8,1.0,2.6,4.0,1.7999999999999998,1.7999999999999998,1.8,1.7999999999999998,1.8,2.6,2.6,2.7886684303350973
18,6,27,5,1,3,2,1,1,3,1,4,1,5,4.428571428571429,4.2,5.0,5.0,4.2,3.4,2.0,4.2,4.2,3.4,4.2,4.2,4.2,5.0,2.4511904761904764
7,28,20,2,3,5,1,5,4,0,2,2,1,1,2.333333333333333,1.2666666666666666,3.962962962962963,2.6,2.6,5.0,1.0,1.0,1.7999999999999998,1.0,3.4,2.6,4.2,1.8,3.079012345679012
13,23,14,2,3,3,3,3,3,2,3,2,3,2,3.4761904761904763,1.9333333333333336,3.074074074074074,2.6,2.6,3.4,3.0,2.6,2.6,2.6,2.6,2.6,2.6,2.6,2.939594356261023
17,6,24,3,1,5,1,1,2,3,1,4,1,4,4.238095238095238,4.2,4.555555555555555,3.4,4.2,5.0,1.0,4.2,3.4,3.4,4.2,4.2,4.2,4.2,2.3164021164021165
0,27,3,1,5,2,4,4,4,2,4,1,3,2,1.0,1.4000000000000004,1.4444444444444444,1.8,1.0,2.6,4.0,1.7999999999999998,1.7999999999999998,2.6,1.7999999999999998,1.8,2.6,2.6,2.810185185185185
15,8,10,4,0,1,3,5,3,4,2,4,1,0,3.857142857142857,3.9333333333333336,2.4814814814814814,4.2,5.0,1.8,3.0,1.0,2.6,4.2,3.4,4.2,4.2,1.0,2.064109347442681
15,9,27,4,1,5,2,2,2,3,2,4,1,4,3.857142857142857,3.8,5.0,4.2,4.2,5.0,2.0,3.4,3.4,3.4,3.4,4.2,4.2,4.2,2.5273809523809527
9,23,9,2,2,2,3,2,3,3,2,2,2,3,2.7142857142857144,1.9333333333333336,2.333333333333333,2.6,3.4,2.6,3.0,3.4,2.6,3.4,3.4,2.6,3.4,3.4,3.0103174603174603
7,25,3,1,4,1,4,5,5,2,4,1,3,1,2.333333333333333,1.666666666666666,1.4444444444444444,1.8,1.7999999999999998,1.8,4.0,1.0,1.0,2.6,1.7999999999999998,1.8,2.6,1.8,2.632407407407408
9,22,14,2,2,3,3,3,2,3,2,2,2,3,2.7142857142857144,2.066666666666667,3.074074074074074,2.6,3.4,3.4,3.0,2.6,3.4,3.4,3.4,2.6,3.4,3.4,3.007848324514991
12,21,14,2,3,2,3,3,2,2,2,2,2,2,3.2857142857142856,2.2,3.074074074074074,2.6,2.6,2.6,3.0,2.6,3.4,2.6,3.4,2.6,3.4,2.6,2.831657848324515
7,27,8,1,5,2,4,5,5,2,5,1,3,1,2.333333333333333,1.4000000000000004,2.185185185185185,1.8,1.0,2.6,4.0,1.0,1.0,2.6,1.0,1.8,2.6,1.8,2.7632716049382715
21,6,20,3,1,5,1,1,1,4,1,4,1,5,5.0,4.2,3.962962962962963,3.4,4.2,5.0,1.0,4.2,4.2,4.2,4.2,4.2,4.2,5.0,2.423456790123457
5,25,6,1,5,1,4,4,5,1,4,1,3,1,1.9523809523809523,1.666666666666666,1.8888888888888888,1.8,1.0,1.8,4.0,1.7999999999999998,1.0,1.8,1.7999999999999998,1.8,2.6,1.8,2.601719576719577
5,29,6,1,5,2,4,5,4,2,4,1,3,2,1.9523809523809523,1.1333333333333329,1.8888888888888888,1.8,1.0,2.6,4.0,1.0,1.7999999999999998,2.6,1.7999999999999998,1.8,2.6,2.6,2.968386243386244
8,30,0,1,4,2,4,5,5,2,4,1,3,1,2.5238095238095237,1.0,1.0,1.8,1.7999999999999998,2.6,4.0,1.0,1.0,2.6,1.7999999999999998,1.8,2.6,1.8,2.9884920634920635
1,27,2,1,5,2,3,5,5,1,5,1,3,2,1.1904761904761905,1.4000000000000004,1.2962962962962963,1.8,1.0,2.6,3.0,1.0,1.0,1.8,1.0,1.8,2.6,2.6,2.6369488536155203
19,9,16,3,1,3,2,1,2,3,1,4,1,5,4.619047619047619,3.8,3.3703703703703702,3.4,4.2,3.4,2.0,4.2,3.4,3.4,4.2,4.2,4.2,5.0,2.491225749559083
15,4,22,4,1,5,2,2,2,3,2,5,1,5,3.857142857142857,4.466666666666667,4.2592592592592595,4.2,4.2,5.0,2.0,3.4,3.4,3.4,3.4,5.0,4.2,5.0,2.2298500881834213
3,30,1,1,5,1,4,4,4,2,4,1,3,2,1.5714285714285714,1.0,1.1481481481481481,1.8,1.0,1.8,4.0,1.7999999999999998,1.7999999999999998,2.6,1.7999999999999998,1.8,2.6,2.6,2.98831569664903
19,1,27,4,1,4,2,1,1,4,2,4,1,4,4.619047619047619,4.866666666666667,5.0,4.2,4.2,4.2,2.0,4.2,4.2,4.2,3.4,4.2,4.2,4.2,2.0924603174603176
7,27,7,1,4,1,4,5,4,2,4,1,3,1,2.333333333333333,1.4000000000000004,2.037037037037037,1.8,1.7999999999999998,1.8,4.0,1.0,1.7999999999999998,2.6,1.7999999999999998,1.8,2.6,1.8,2.8237654320987655
12,19,10,2,2,3,3,2,3,2,3,3,2,3,3.2857142857142856,2.466666666666667,2.4814814814814814,2.6,3.4,3.4,3.0,3.4,2.6,2.6,2.6,3.4,3.4,3.4,2.7736331569664907
2,26,4,1,5,1,4,5,4,2,5,1,3,2,1.380952380952381,1.5333333333333332,1.5925925925925926,1.8,1.0,1.8,4.0,1.0,1.7999999999999998,2.6,1.0,1.8,2.6,2.6,2.6655643738977073
8,27,5,1,4,1,3,5,4,1,5,1,3,2,2.5238095238095237,1.4000000000000004,1.7407407407407407,1.8,1.7999999999999998,1.8,3.0,1.0,1.7999999999999998,1.8,1.0,1.8,2.6,2.6,2.7443562610229275
10,16,14,3,3,2,2,3,2,2,3,3,2,3,2.9047619047619047,2.8666666666666667,3.074074074074074,3.4,2.6,2.6,2.0,2.6,3.4,2.6,2.6,3.4,3.4,3.4,2.5074514991181656
6,29,0,1,4,1,4,5,5,2,5,1,3,2,2.142857142857143,1.1333333333333329,1.0,1.8,1.7999999999999998,1.8,4.0,1.0,1.0,2.6,1.0,1.8,2.6,2.6,2.872619047619048
19,2,24,5,1,4,1,1,2,3,2,4,1,4,4.619047619047619,4.733333333333333,4.555555555555555,5.0,4.2,4.2,1.0,4.2,3.4,3.4,3.4,4.2,4.2,4.2,2.0656084656084657
13,23,13,2,3,3,3,2,3,3,3,3,2,2,3.4761904761904763,1.9333333333333336,2.9259259259259256,2.6,2.6,3.4,3.0,3.4,2.6,3.4,2.6,3.4,3.4,2.6,3.03342151675485
13,23,11,3,2,3,3,3,2,3,2,2,3,2,3.4761904761904763,1.9333333333333336,2.6296296296296298,3.4,3.4,3.4,3.0,2.6,3.4,3.4,3.4,2.6,2.6,2.6,3.087742504409171
12,18,11,2,2,2,3,2,3,2,2,2,3,2,3.2857142857142856,2.6,2.6296296296296298,2.6,3.4,2.6,3.0,3.4,2.6,2.6,3.4,2.6,2.6,2.6,2.64647266313933
8,28,5,1,5,1,3,4,5,1,5,1,3,2,2.5238095238095237,1.2666666666666666,1.7407407407407407,1.8,1.0,1.8,3.0,1.7999999999999998,1.0,1.8,1.0,1.8,2.6,2.6,2.777689594356261
4,29,2,1,4,1,3,4,4,2,5,1,3,1,1.7619047619047619,1.1333333333333329,1.2962962962962963,1.8,1.7999999999999998,1.8,3.0,1.7999999999999998,1.7999999999999998,2.6,1.0,1.8,2.6,1.8,2.8607583774250447
4,27,5,1,4,1,4,5,5,2,5,1,3,1,1.7619047619047619,1.4000000000000004,1.7407407407407407,1.8,1.7999999999999998,1.8,4.0,1.0,1.0,2.6,1.0,1.8,2.6,1.8,2.720943562610229
4,28,0,1,4,1,4,4,5,1,4,1,3,2,1.7619047619047619,1.2666666666666666,1.0,1.8,1.7999999999999998,1.8,4.0,1.7999999999999998,1.0,1.8,1.7999999999999998,1.8,2.6,2.6,2.8234126984126986
8,29,2,2,0,1,4,5,0,0,0,5,1,4,2.5238095238095237,1.1333333333333329,1.2962962962962963,2.6,5.0,1.8,4.0,1.0,5.0,1.0,5.0,5.0,4.2,4.2,3.534171075837743
3,27,1,1,4,1,3,5,4,1,4,1,3,1,1.5714285714285714,1.4000000000000004,1.1481481481481481,1.8,1.7999999999999998,1.8,3.0,1.0,1.7999999999999998,1.8,1.7999999999999998,1.8,2.6,1.8,2.6799823633156965
12,23,10,3,2,2,3,2,2,3,3,3,3,2,3.2857142857142856,1.9333333333333336,2.4814814814814814,3.4,3.4,2.6,3.0,3.4,3.4,3.4,2.6,3.4,2.6,2.6,3.0736331569664905
21,0,13,0,5,5,4,2,2,0,0,4,0,1,5.0,5.0,2.9259259259259256,1.0,1.0,5.0,4.0,3.4,3.4,1.0,5.0,4.2,5.0,1.8,1.5719135802469133
5,25,3,1,4,2,3,5,5,2,5,1,3,1,1.9523809523809523,1.666666666666666,1.4444444444444444,1.8,1.7999999999999998,2.6,3.0,1.0,1.0,2.6,1.0,1.8,2.6,1.8,2.574867724867725
18,14,15,4,1,4,1,2,2,4,2,5,1,5,4.428571428571429,3.1333333333333333,3.2222222222222223,4.2,4.2,4.2,1.0,3.4,3.4,4.2,3.4,5.0,4.2,5.0,2.8354497354497354
11,21,9,2,3,2,2,3,3,3,3,2,3,3,3.0952380952380953,2.2,2.333333333333333,2.6,2.6,2.6,2.0,2.6,2.6,3.4,2.6,2.6,2.6,3.4,2.751190476190476
11,23,10,3,2,3,3,3,2,3,2,2,3,2,3.0952380952380953,1.9333333333333336,2.4814814814814814,3.4,3.4,3.4,3.0,2.6,3.4,3.4,3.4,2.6,2.6,2.6,3.0656966490299826
1,26,18,2,3,1,2,4,3,2,1,5,1,1,1.1904761904761905,1.5333333333333332,3.6666666666666665,2.6,2.6,1.8,2.0,1.7999999999999998,2.6,2.6,4.2,5.0,4.2,1.8,3.060714285714286
5,30,0,1,5,1,4,4,5,1,4,1,3,1,1.9523809523809523,1.0,1.0,1.8,1.0,1.8,4.0,1.7999999999999998,1.0,1.8,1.7999999999999998,1.8,2.6,1.8,2.898015873015873
21,15,23,5,1,3,2,1,2,5,2,4,1,4,5.0,3.0,4.407407407407407,5.0,4.2,3.4,2.0,4.2,3.4,5.0,3.4,4.2,4.2,4.2,3.0169753086419755
2,26,4,1,4,1,4,4,5,1,4,1,3,2,1.380952380952381,1.5333333333333332,1.5925925925925926,1.8,1.7999999999999998,1.8,4.0,1.7999999999999998,1.0,1.8,1.7999999999999998,1.8,2.6,2.6,2.698897707231041
0,30,7,1,4,1,3,5,5,1,4,1,3,2,1.0,1.0,2.037037037037037,1.8,1.7999999999999998,1.8,3.0,1.0,1.0,1.8,1.7999999999999998,1.8,2.6,2.6,2.89320987654321
21,7,20,4,1,5,2,2,1,4,2,4,1,5,5.0,4.066666666666666,3.962962962962963,4.2,4.2,5.0,2.0,3.4,4.2,4.2,3.4,4.2,4.2,5.0,2.498456790123457
17,5,26,5,1,5,1,1,1,5,1,5,1,5,4.238095238095238,4.333333333333334,4.851851851851851,5.0,4.2,5.0,1.0,4.2,4.2,5.0,4.2,5.0,4.2,5.0,2.4954144620811287
20,5,20,3,1,3,1,2,2,5,2,4,1,5,4.809523809523809,4.333333333333334,3.962962962962963,3.4,4.2,3.4,1.0,3.4,3.4,5.0,3.4,4.2,4.2,5.0,2.215520282186948
1,29,5,1,5,1,3,5,4,1,5,1,3,2,1.1904761904761905,1.1333333333333329,1.7407407407407407,1.8,1.0,1.8,3.0,1.0,1.7999999999999998,1.8,1.0,1.8,2.6,2.6,2.7888007054673727
13,17,12,3,2,2,2,3,3,3,3,2,2,2,3.4761904761904763,2.7333333333333334,2.7777777777777777,3.4,3.4,2.6,2.0,2.6,2.6,3.4,2.6,2.6,3.4,2.6,2.552248677248677
18,13,23,3,1,5,2,1,2,4,2,5,1,4,4.428571428571429,3.2666666666666666,4.407407407407407,3.4,4.2,5.0,2.0,4.2,3.4,4.2,3.4,5.0,4.2,4.2,2.859832451499118
4,26,5,1,5,2,4,4,4,1,5,1,3,2,1.7619047619047619,1.5333333333333332,1.7407407407407407,1.8,1.0,2.6,4.0,1.7999999999999998,1.7999999999999998,1.8,1.0,1.8,2.6,2.6,2.7209435626102296
9,21,14,2,2,2,2,3,2,3,3,3,2,3,2.7142857142857144,2.2,3.074074074074074,2.6,3.4,2.6,2.0,2.6,3.4,3.4,2.6,3.4,3.4,3.4,2.8661816578483243
17,15,17,5,1,5,1,2,1,4,2,5,1,4,4.238095238095238,3.0,3.5185185185185186,5.0,4.2,5.0,1.0,3.4,4.2,4.2,3.4,5.0,4.2,4.2,2.973192239858906
0,26,8,1,4,1,3,5,4,2,4,1,3,2,1.0,1.5333333333333332,2.185185185185185,1.8,1.7999999999999998,1.8,3.0,1.0,1.7999999999999998,2.6,1.7999999999999998,1.8,2.6,2.6,2.699382716049383
13,15,12,3,3,3,2,2,3,2,2,3,3,2,3.4761904761904763,3.0,2.7777777777777777,3.4,2.6,3.4,2.0,3.4,2.6,2.6,3.4,3.4,2.6,2.6,2.485582010582011
10,24,12,3,2,3,2,3,3,2,3,2,2,3,2.9047619047619047,1.7999999999999998,2.7777777777777777,3.4,3.4,3.4,2.0,2.6,2.6,2.6,2.6,2.6,3.4,3.4,3.028439153439154
9,22,10,2,3,3,3,3,2,2,2,3,3,2,2.7142857142857144,2.066666666666667,2.4814814814814814,2.6,2.6,3.4,3.0,2.6,3.4,2.6,3.4,3.4,2.6,2.6,2.916490299823633
17,3,21,4,1,5,2,2,1,5,2,5,1,4,4.238095238095238,4.6,4.111111111111111,4.2,4.2,5.0,2.0,3.4,4.2,5.0,3.4,5.0,4.2,4.2,2.2395502645502643
11,18,13,3,3,2,2,3,2,3,3,3,3,2,3.0952380952380953,2.6,2.9259259259259256,3.4,2.6,2.6,2.0,2.6,3.4,3.4,2.6,3.4,2.6,2.6,2.6425485008818344
17,12,18,4,1,4,2,2,1,4,1,5,1,5,4.238095238095238,3.4,3.6666666666666665,4.2,4.2,4.2,2.0,3.4,4.2,4.2,4.2,5.0,4.2,5.0,2.8210317460317462
9,19,13,3,2,2,2,3,2,3,3,3,2,3,2.7142857142857144,2.466666666666667,2.9259259259259256,3.4,3.4,2.6,2.0,2.6,3.4,3.4,2.6,3.4,3.4,3.4,2.7600088183421514
16,11,18,4,1,5,2,1,1,5,2,4,1,5,4.0476190476190474,3.533333333333333,3.6666666666666665,4.2,4.2,5.0,2.0,4.2,4.2,5.0,3.4,4.2,4.2,5.0,2.7797619047619047
20,1,18,5,1,3,2,1,2,4,1,5,1,5,4.809523809523809,4.866666666666667,3.6666666666666665,5.0,4.2,3.4,2.0,4.2,3.4,4.2,4.2,5.0,4.2,5.0,2.111507936507936
9,23,19,3,5,0,3,1,2,4,4,5,1,0,2.7142857142857144,1.9333333333333336,3.814814814814815,3.4,1.0,1.0,3.0,4.2,3.4,4.2,1.7999999999999998,5.0,4.2,1.0,2.9720458553791884
8,0,22,5,5,0,1,4,3,5,1,2,1,2,2.5238095238095237,5.0,4.2592592592592595,5.0,1.0,1.0,1.0,1.7999999999999998,2.6,5.0,4.2,2.6,4.2,2.6,1.3992945326278659
19,7,11,1,3,4,4,1,5,5,0,3,0,3,4.619047619047619,4.066666666666666,2.6296296296296298,1.8,2.6,4.2,4.0,4.2,1.0,5.0,5.0,3.4,5.0,3.4,2.2103615520282185
15,14,19,3,1,3,1,2,1,4,1,5,1,4,3.857142857142857,3.1333333333333333,3.814814814814815,3.4,4.2,3.4,1.0,3.4,4.2,4.2,4.2,5.0,4.2,4.2,2.80299823633157
17,7,23,4,1,3,1,2,2,3,2,4,1,4,4.238095238095238,4.066666666666666,4.407407407407407,4.2,4.2,3.4,1.0,3.4,3.4,3.4,3.4,4.2,4.2,4.2,2.27689594356261
6,27,1,1,5,2,4,4,5,1,5,1,3,1,2.142857142857143,1.4000000000000004,1.1481481481481481,1.8,1.0,2.6,4.0,1.7999999999999998,1.0,1.8,1.0,1.8,2.6,1.8,2.7121252204585535
9,23,13,3,3,3,3,2,3,3,3,2,2,3,2.7142857142857144,1.9333333333333336,2.9259259259259256,3.4,2.6,3.4,3.0,3.4,2.6,3.4,2.6,2.6,3.4,3.4,3.0350088183421517
13,3,22,1,4,0,4,2,0,0,0,2,0,3,3.4761904761904763,4.6,4.2592592592592595,1.8,1.7999999999999998,1.0,4.0,3.4,5.0,1.0,5.0,2.6,5.0,3.4,1.7306437389770724
20,3,22,0,4,1,1,1,4,2,4,2,0,1,4.809523809523809,4.6,4.2592592592592595,1.0,1.7999999999999998,1.8,1.0,4.2,1.7999999999999998,2.6,1.7999999999999998,2.6,5.0,1.8,1.427865961199295
11,17,13,3,2,2,3,3,3,2,3,3,3,2,3.0952380952380953,2.7333333333333334,2.9259259259259256,3.4,3.4,2.6,3.0,2.6,2.6,2.6,2.6,3.4,2.6,2.6,2.5842151675485012
12,15,12,2,2,2,3,2,2,2,2,2,2,3,3.2857142857142856,3.0,2.7777777777777777,2.6,3.4,2.6,3.0,3.4,3.4,2.6,3.4,2.6,3.4,3.4,2.519312169312169
3,29,7,1,4,1,4,4,4,1,5,1,3,1,1.5714285714285714,1.1333333333333329,2.037037037037037,1.8,1.7999999999999998,1.8,4.0,1.7999999999999998,1.7999999999999998,1.8,1.0,1.8,2.6,1.8,2.892019400352734
8,26,2,1,5,2,4,5,4,2,4,1,3,1,2.5238095238095237,1.5333333333333332,1.2962962962962963,1.8,1.0,2.6,4.0,1.0,1.7999999999999998,2.6,1.7999999999999998,1.8,2.6,1.8,2.7341710758377427
19,11,27,3,1,4,1,2,1,3,1,5,1,4,4.619047619047619,3.533333333333333,5.0,3.4,4.2,4.2,1.0,3.4,4.2,3.4,4.2,5.0,4.2,4.2,2.6841269841269844
3,28,1,1,4,2,4,5,4,2,4,1,3,1,1.5714285714285714,1.2666666666666666,1.1481481481481481,1.8,1.7999999999999998,2.6,4.0,1.0,1.7999999999999998,2.6,1.7999999999999998,1.8,2.6,1.8,2.8549823633156968
16,9,25,3,1,4,1,1,2,5,1,5,1,5,4.0476190476190474,3.8,4.703703703703704,3.4,4.2,4.2,1.0,4.2,3.4,5.0,4.2,5.0,4.2,5.0,2.6146384479717817
15,6,20,3,1,4,2,2,2,3,2,4,1,4,3.857142857142857,4.2,3.962962962962963,3.4,4.2,4.2,2.0,3.4,3.4,3.4,3.4,4.2,4.2,4.2,2.2175044091710756
1,29,7,1,5,1,4,5,5,1,4,1,3,2,1.1904761904761905,1.1333333333333329,2.037037037037037,1.8,1.0,1.8,4.0,1.0,1.0,1.8,1.7999999999999998,1.8,2.6,2.6,2.842813051146385
17,4,19,3,1,5,2,2,2,3,1,5,1,4,4.238095238095238,4.466666666666667,3.814814814814815,3.4,4.2,5.0,2.0,3.4,3.4,3.4,4.2,5.0,4.2,4.2,2.193871252204586
5,27,8,1,4,2,4,5,4,1,5,1,3,2,1.9523809523809523,1.4000000000000004,2.185185185185185,1.8,1.7999999999999998,2.6,4.0,1.0,1.7999999999999998,1.8,1.0,1.8,2.6,2.6,2.814065255731922
9,24,13,2,2,3,2,3,2,3,3,3,2,2,2.7142857142857144,1.7999999999999998,2.9259259259259256,2.6,3.4,3.4,2.0,2.6,3.4,3.4,2.6,3.4,3.4,2.6,3.060008818342152
3,2,22,0,4,1,5,3,1,2,2,3,1,0,1.5714285714285714,4.733333333333333,4.2592592592592595,1.0,1.7999999999999998,1.8,5.0,2.6,4.2,2.6,3.4,3.4,4.2,1.0,1.4929453262786596
17,12,27,4,1,4,2,2,1,5,1,4,1,4,4.238095238095238,3.4,5.0,4.2,4.2,4.2,2.0,3.4,4.2,5.0,4.2,4.2,4.2,4.2,2.8432539682539684
13,21,12,3,3,2,2,2,2,3,2,3,2,3,3.4761904761904763,2.2,2.7777777777777777,3.4,2.6,2.6,2.0,3.4,3.4,3.4,3.4,3.4,3.4,3.4,2.9522486772486767
19,7,17,5,1,5,2,2,1,3,2,5,1,5,4.619047619047619,4.066666666666666,3.5185185185185186,5.0,4.2,5.0,2.0,3.4,4.2,3.4,3.4,5.0,4.2,5.0,2.4973985890652557
18,8,24,5,1,4,1,1,2,5,1,5,1,4,4.428571428571429,3.9333333333333336,4.555555555555555,5.0,4.2,4.2,1.0,4.2,3.4,5.0,4.2,5.0,4.2,4.2,2.591005291005291
9,23,11,2,2,3,3,3,2,2,3,2,3,3,2.7142857142857144,1.9333333333333336,2.6296296296296298,2.6,3.4,3.4,3.0,2.6,3.4,2.6,2.6,2.6,2.6,3.4,2.989329805996473
6,28,0,1,4,2,3,4,5,1,4,1,3,2,2.142857142857143,1.2666666666666666,1.0,1.8,1.7999999999999998,2.6,3.0,1.7999999999999998,1.0,1.8,1.7999999999999998,1.8,2.6,2.6,2.830952380952381
18,0,18,5,1,3,1,2,1,4,1,5,1,4,4.428571428571429,5.0,3.6666666666666665,5.0,4.2,3.4,1.0,3.4,4.2,4.2,4.2,5.0,4.2,4.2,1.9539682539682541
7,29,8,1,4,2,4,4,4,1,5,1,3,1,2.333333333333333,1.1333333333333329,2.185185185185185,1.8,1.7999999999999998,2.6,4.0,1.7999999999999998,1.7999999999999998,1.8,1.0,1.8,2.6,1.8,2.9632716049382717
9,20,11,3,3,3,2,3,2,2,2,3,2,2,2.7142857142857144,2.3333333333333335,2.6296296296296298,3.4,2.6,3.4,2.0,2.6,3.4,2.6,3.4,3.4,3.4,2.6,2.7809964726631393
13,20,14,3,2,3,3,2,2,2,3,3,2,2,3.4761904761904763,2.3333333333333335,3.074074074074074,3.4,3.4,3.4,3.0,3.4,3.4,2.6,2.6,3.4,3.4,2.6,2.9062610229276897
19,16,6,0,4,3,5,2,4,3,2,1,1,2,4.619047619047619,2.8666666666666667,1.8888888888888888,1.0,1.7999999999999998,3.4,5.0,3.4,1.7999999999999998,3.4,3.4,1.8,4.2,2.6,2.4878306878306877
13,15,14,3,3,3,2,3,3,2,3,3,2,3,3.4761904761904763,3.0,3.074074074074074,3.4,2.6,3.4,2.0,2.6,2.6,2.6,2.6,3.4,3.4,3.4,2.4645943562610233
6,26,2,1,4,1,3,5,4,2,4,1,3,2,2.142857142857143,1.5333333333333332,1.2962962962962963,1.8,1.7999999999999998,1.8,3.0,1.0,1.7999999999999998,2.6,1.7999999999999998,1.8,2.6,2.6,2.7099647266313935
14,3,27,3,3,5,3,4,3,5,4,2,1,1,3.6666666666666665,4.6,5.0,3.4,2.6,5.0,3.0,1.7999999999999998,2.6,5.0,1.7999999999999998,2.6,4.2,1.8,1.7944444444444443
14,19,13,2,3,2,3,3,3,3,2,2,3,2,3.6666666666666665,2.466666666666667,2.9259259259259256,2.6,2.6,2.6,3.0,2.6,2.6,3.4,3.4,2.6,2.6,2.6,2.708024691358025
5,27,6,1,4,2,4,4,4,2,4,1,3,1,1.9523809523809523,1.4000000000000004,1.8888888888888888,1.8,1.7999999999999998,2.6,4.0,1.7999999999999998,1.7999999999999998,2.6,1.7999999999999998,1.8,2.6,1.8,2.8683862433862437
12,16,13,2,3,3,3,2,3,3,3,2,3,2,3.2857142857142856,2.8666666666666667,2.9259259259259256,2.6,2.6,3.4,3.0,3.4,2.6,3.4,2.6,2.6,2.6,2.6,2.5254850088183423
20,13,8,0,0,3,2,4,4,4,2,3,1,5,4.809523809523809,3.2666666666666666,2.185185185185185,1.0,5.0,3.4,2.0,1.7999999999999998,1.7999999999999998,4.2,3.4,3.4,4.2,5.0,2.4497795414462082
14,16,11,3,3,2,3,3,2,2,3,3,3,2,3.6666666666666665,2.8666666666666667,2.6296296296296298,3.4,2.6,2.6,3.0,2.6,3.4,2.6,2.6,3.4,2.6,2.6,2.5290123456790123
11,21,10,3,3,3,2,3,2,2,2,2,3,2,3.0952380952380953,2.2,2.4814814814814814,3.4,2.6,3.4,2.0,2.6,3.4,2.6,3.4,2.6,2.6,2.6,2.8240299823633155
7,24,3,0,0,5,4,0,1,5,3,1,1,5,2.333333333333333,1.7999999999999998,1.4444444444444444,1.0,5.0,5.0,4.0,5.0,4.2,5.0,2.6,1.8,4.2,5.0,3.3657407407407405
6,25,0,1,4,1,4,4,5,1,5,1,3,2,2.142857142857143,1.666666666666666,1.0,1.8,1.7999999999999998,1.8,4.0,1.7999999999999998,1.0,1.8,1.0,1.8,2.6,2.6,2.6059523809523815
19,13,20,3,1,5,1,1,2,3,2,5,1,5,4.619047619047619,3.2666666666666666,3.962962962962963,3.4,4.2,5.0,1.0,4.2,3.4,3.4,3.4,5.0,4.2,5.0,2.807583774250441
8,28,0,1,4,1,3,5,4,2,5,1,3,1,2.5238095238095237,1.2666666666666666,1.0,1.8,1.7999999999999998,1.8,3.0,1.0,1.7999999999999998,2.6,1.0,1.8,2.6,1.8,2.7801587301587305
10,25,11,3,3,2,2,2,2,2,2,2,2,2,2.9047619047619047,1.666666666666666,2.6296296296296298,3.4,2.6,2.6,2.0,3.4,3.4,2.6,3.4,2.6,3.4,2.6,3.0889329805996475
1,5,1,4,5,2,2,0,2,5,3,3,1,0,1.1904761904761905,4.333333333333334,1.1481481481481481,4.2,1.0,2.6,2.0,5.0,3.4,5.0,2.6,3.4,4.2,1.0,1.6891093474426804
13,27,24,1,5,5,3,3,2,5,0,4,0,1,3.4761904761904763,1.4000000000000004,4.555555555555555,1.8,1.0,5.0,3.0,2.6,3.4,5.0,5.0,4.2,5.0,1.8,3.5013227513227516
11,17,13,3,2,3,3,2,2,3,3,3,3,2,3.0952380952380953,2.7333333333333334,2.9259259259259256,3.4,3.4,3.4,3.0,3.4,3.4,3.4,2.6,3.4,2.6,2.6,2.717548500881834
2,29,1,1,5,1,4,5,4,2,4,1,3,2,1.380952380952381,1.1333333333333329,1.1481481481481481,1.8,1.0,1.8,4.0,1.0,1.7999999999999998,2.6,1.7999999999999998,1.8,2.6,2.6,2.8803791887125225
6,3,12,3,5,3,4,3,1,5,2,0,1,2,2.142857142857143,4.6,2.7777777777777777,3.4,1.0,3.4,4.0,2.6,4.2,5.0,3.4,1.0,4.2,2.6,1.6800264550264554
2,27,5,1,5,2,3,5,4,2,4,1,3,1,1.380952380952381,1.4000000000000004,1.7407407407407407,1.8,1.0,2.6,3.0,1.0,1.7999999999999998,2.6,1.7999999999999998,1.8,2.6,1.8,2.7300705467372133
9,17,14,3,2,3,2,2,3,2,3,2,2,3,2.7142857142857144,2.7333333333333334,3.074074074074074,3.4,3.4,3.4,2.0,3.4,2.6,2.6,2.6,2.6,3.4,3.4,2.5995149911816577
18,3,20,3,1,4,2,2,2,5,1,4,1,4,4.428571428571429,4.6,3.962962962962963,3.4,4.2,4.2,2.0,3.4,3.4,5.0,4.2,4.2,4.2,4.2,2.1413139329805997
9,21,14,2,2,3,2,2,2,3,3,2,2,2,2.7142857142857144,2.2,3.074074074074074,2.6,3.4,3.4,2.0,3.4,3.4,3.4,2.6,2.6,3.4,2.6,2.8661816578483243
18,14,20,5,1,4,2,1,2,3,2,4,1,4,4.428571428571429,3.1333333333333333,3.962962962962963,5.0,4.2,4.2,2.0,4.2,3.4,3.4,3.4,4.2,4.2,4.2,2.874647266313933
8,29,1,1,5,1,3,4,5,2,5,1,3,2,2.5238095238095237,1.1333333333333329,1.1481481481481481,1.8,1.0,1.8,3.0,1.7999999999999998,1.0,2.6,1.0,1.8,2.6,2.6,2.8529982363315702
9,19,14,2,3,2,2,2,2,3,3,3,3,3,2.7142857142857144,2.466666666666667,3.074074074074074,2.6,2.6,2.6,2.0,3.4,3.4,3.4,2.6,3.4,2.6,3.4,2.7328483245149906
14,22,13,3,3,2,2,2,3,2,3,3,3,3,3.6666666666666665,2.066666666666667,2.9259259259259256,3.4,2.6,2.6,2.0,3.4,2.6,2.6,2.6,3.4,2.6,3.4,2.9330246913580247
16,15,18,4,1,5,2,1,2,3,2,5,1,5,4.0476190476190474,3.0,3.6666666666666665,4.2,4.2,5.0,2.0,4.2,3.4,3.4,3.4,5.0,4.2,5.0,2.9797619047619044
18,1,16,4,1,3,1,1,2,3,1,4,1,4,4.428571428571429,4.866666666666667,3.3703703703703702,4.2,4.2,3.4,1.0,4.2,3.4,3.4,4.2,4.2,4.2,4.2,1.908289241622575
10,25,10,3,2,2,2,2,2,2,2,3,2,3,2.9047619047619047,1.666666666666666,2.4814814814814814,3.4,3.4,2.6,2.0,3.4,3.4,2.6,3.4,3.4,3.4,3.4,3.1827601410934747
6,30,1,1,4,1,3,4,4,1,4,1,3,2,2.142857142857143,1.0,1.1481481481481481,1.8,1.7999999999999998,1.8,3.0,1.7999999999999998,1.7999999999999998,1.8,1.7999999999999998,1.8,2.6,2.6,2.9704585537918873
12,15,11,2,2,3,2,2,2,2,2,2,3,3,3.2857142857142856,3.0,2.6296296296296298,2.6,3.4,3.4,2.0,3.4,3.4,2.6,3.4,2.6,2.6,3.4,2.5048059964726628
2,30,0,1,5,1,3,5,4,2,4,1,3,2,1.380952380952381,1.0,1.0,1.8,1.0,1.8,3.0,1.0,1.7999999999999998,2.6,1.7999999999999998,1.8,2.6,2.6,2.899206349206349
1,30,6,1,5,2,3,5,4,1,4,1,3,2,1.1904761904761905,1.0,1.8888888888888888,1.8,1.0,2.6,3.0,1.0,1.7999999999999998,1.8,1.7999999999999998,1.8,2.6,2.6,2.9283068783068784
13,22,14,3,2,3,3,3,3,2,2,3,3,2,3.4761904761904763,2.066666666666667,3.074074074074074,3.4,3.4,3.4,3.0,2.6,2.6,2.6,3.4,3.4,2.6,2.6,3.00626102292769
15,15,6,5,3,3,2,2,2,0,4,3,1,3,3.857142857142857,3.0,1.8888888888888888,5.0,2.6,3.4,2.0,3.4,3.4,1.0,1.7999999999999998,3.4,4.2,3.4,2.4644179894179894
15,12,27,3,1,4,1,1,2,3,1,4,1,5,3.857142857142857,3.4,5.0,3.4,4.2,4.2,1.0,4.2,3.4,3.4,4.2,4.2,4.2,5.0,2.719047619047619
11,15,10,2,3,3,3,2,2,2,3,2,2,2,3.0952380952380953,3.0,2.4814814814814814,2.6,2.6,3.4,3.0,3.4,3.4,2.6,2.6,2.6,3.4,2.6,2.432363315696649
5,30,7,1,5,1,3,4,5,1,5,1,3,1,1.9523809523809523,1.0,2.037037037037037,1.8,1.0,1.8,3.0,1.7999999999999998,1.0,1.8,1.0,1.8,2.6,1.8,2.866225749559083
15,4,26,3,1,5,2,2,1,4,1,5,1,4,3.857142857142857,4.466666666666667,4.851851851851851,3.4,4.2,5.0,2.0,3.4,4.2,4.2,4.2,5.0,4.2,4.2,2.2878747795414465
10,15,10,3,2,2,3,2,2,3,3,2,3,2,2.9047619047619047,3.0,2.4814814814814814,3.4,3.4,2.6,3.0,3.4,3.4,3.4,2.6,2.6,2.6,2.6,2.4910934744268074
2,30,3,1,4,1,3,4,4,1,4,1,3,1,1.380952380952381,1.0,1.4444444444444444,1.8,1.7999999999999998,1.8,3.0,1.7999999999999998,1.7999999999999998,1.8,1.7999999999999998,1.8,2.6,1.8,2.9177248677248677
11,20,13,3,3,3,3,3,3,3,2,3,3,3,3.0952380952380953,2.3333333333333335,2.9259259259259256,3.4,2.6,3.4,3.0,2.6,2.6,3.4,3.4,3.4,2.6,3.4,2.8842151675485006
9,15,13,3,3,3,2,3,3,3,2,3,2,2,2.7142857142857144,3.0,2.9259259259259256,3.4,2.6,3.4,2.0,2.6,2.6,3.4,3.4,3.4,3.4,2.6,2.4600088183421516
4,25,6,1,4,2,4,5,5,1,4,1,3,2,1.7619047619047619,1.666666666666666,1.8888888888888888,1.8,1.7999999999999998,2.6,4.0,1.0,1.0,1.8,1.7999999999999998,1.8,2.6,2.6,2.660449735449736
17,9,3,3,2,5,4,3,1,2,1,0,1,1,4.238095238095238,3.8,1.4444444444444444,3.4,3.4,5.0,4.0,2.6,4.2,2.6,4.2,1.0,4.2,1.8,2.1784391534391534
13,15,14,2,3,3,2,3,3,3,3,2,3,2,3.4761904761904763,3.0,3.074074074074074,2.6,2.6,3.4,2.0,2.6,2.6,3.4,2.6,2.6,2.6,2.6,2.397927689594357
6,29,3,1,5,1,4,4,5,1,4,1,3,1,2.142857142857143,1.1333333333333329,1.4444444444444444,1.8,1.0,1.8,4.0,1.7999999999999998,1.0,1.8,1.7999999999999998,1.8,2.6,1.8,2.857804232804233
5,26,0,1,4,2,4,4,5,2,5,1,3,2,1.9523809523809523,1.5333333333333332,1.0,1.8,1.7999999999999998,2.6,4.0,1.7999999999999998,1.0,2.6,1.0,1.8,2.6,2.6,2.7313492063492064
15,0,26,4,1,5,2,2,1,3,2,4,1,5,3.857142857142857,5.0,4.851851851851851,4.2,4.2,5.0,2.0,3.4,4.2,3.4,3.4,4.2,4.2,5.0,1.9878747795414462
17,15,23,5,1,3,1,2,1,4,2,4,1,4,4.238095238095238,3.0,4.407407407407407,5.0,4.2,3.4,1.0,3.4,4.2,4.2,3.4,4.2,4.2,4.2,2.9102292768959437
21,5,17,5,1,3,1,1,1,5,2,5,1,5,5.0,4.333333333333334,3.5185185185185186,5.0,4.2,3.4,1.0,4.2,4.2,5.0,3.4,5.0,4.2,5.0,2.3716049382716045
4,25,22,0,3,0,1,0,1,5,0,4,0,0,1.7619047619047619,1.666666666666666,4.2592592592592595,1.0,2.6,1.0,1.0,5.0,4.2,5.0,5.0,4.2,5.0,1.0,3.1675485008818347
7,25,17,3,3,0,3,5,0,0,0,4,1,4,2.333333333333333,1.666666666666666,3.5185185185185186,3.4,2.6,1.0,3.0,1.0,5.0,1.0,5.0,4.2,4.2,4.2,3.177160493827161
4,29,4,1,5,2,3,5,4,1,4,1,3,1,1.7619047619047619,1.1333333333333329,1.5925925925925926,1.8,1.0,2.6,3.0,1.0,1.7999999999999998,1.8,1.7999999999999998,1.8,2.6,1.8,2.8397707231040568
20,6,23,3,1,4,2,1,2,4,2,5,1,4,4.809523809523809,4.2,4.407407407407407,3.4,4.2,4.2,2.0,4.2,3.4,4.2,3.4,5.0,4.2,4.2,2.375705467372134
9,22,10,3,3,2,2,3,2,3,2,2,2,2,2.7142857142857144,2.066666666666667,2.4814814814814814,3.4,2.6,2.6,2.0,2.6,3.4,3.4,3.4,2.6,3.4,2.6,2.874823633156966
6,28,8,1,5,2,4,4,5,1,4,1,3,2,2.142857142857143,1.2666666666666666,2.185185185185185,1.8,1.0,2.6,4.0,1.7999999999999998,1.0,1.8,1.7999999999999998,1.8,2.6,2.6,2.8886684303350973
11,4,15,4,3,2,5,1,3,2,2,4,0,2,3.0952380952380953,4.466666666666667,3.2222222222222223,4.2,2.6,2.6,5.0,4.2,2.6,2.6,3.4,4.2,5.0,2.6,1.9465608465608468
20,13,18,4,1,4,1,2,1,4,2,4,1,4,4.809523809523809,3.2666666666666666,3.6666666666666665,4.2,4.2,4.2,1.0,3.4,4.2,4.2,3.4,4.2,4.2,4.2,2.7698412698412698
10,20,10,2,3,2,3,2,2,2,3,2,2,3,2.9047619047619047,2.3333333333333335,2.4814814814814814,2.6,2.6,2.6,3.0,3.4,3.4,2.6,2.6,2.6,3.4,3.4,2.757760141093474
3,29,5,1,5,2,4,4,5,1,5,1,3,1,1.5714285714285714,1.1333333333333329,1.7407407407407407,1.8,1.0,2.6,4.0,1.7999999999999998,1.0,1.8,1.0,1.8,2.6,1.8,2.846340388007055
11,16,13,2,2,3,3,3,3,2,3,2,3,3,3.0952380952380953,2.8666666666666667,2.9259259259259256,2.6,3.4,3.4,3.0,2.6,2.6,2.6,2.6,2.6,2.6,3.4,2.5175485008818344
18,7,21,3,1,4,2,2,2,3,1,5,1,4,4.428571428571429,4.066666666666666,4.111111111111111,3.4,4.2,4.2,2.0,3.4,3.4,3.4,4.2,5.0,4.2,4.2,2.3808201058201064
6,11,7,2,5,3,1,1,5,5,1,3,1,4,2.142857142857143,3.533333333333333,2.037037037037037,2.6,1.0,3.4,1.0,4.2,1.0,5.0,4.2,3.4,4.2,4.2,2.1574955908289244
10,21,10,2,2,2,3,3,2,3,2,2,2,2,2.9047619047619047,2.2,2.4814814814814814,2.6,3.4,2.6,3.0,2.6,3.4,3.4,3.4,2.6,3.4,2.6,2.8577601410934745
14,23,20,5,3,5,2,0,1,3,1,0,0,1,3.6666666666666665,1.9333333333333336,3.962962962962963,5.0,2.6,5.0,2.0,5.0,4.2,3.4,4.2,1.0,5.0,1.8,3.276234567901234
11,20,10,3,3,2,3,2,3,2,3,2,3,2,3.0952380952380953,2.3333333333333335,2.4814814814814814,3.4,2.6,2.6,3.0,3.4,2.6,2.6,2.6,2.6,2.6,2.6,2.732363315696649
6,17,1,2,0,2,3,2,5,0,3,5,0,0,2.142857142857143,2.7333333333333334,1.1481481481481481,2.6,5.0,2.6,3.0,3.4,1.0,1.0,2.6,5.0,5.0,1.0,2.4037918871252204
16,4,26,4,1,5,2,1,2,5,1,4,1,5,4.0476190476190474,4.466666666666667,4.851851851851851,4.2,4.2,5.0,2.0,4.2,3.4,5.0,4.2,4.2,4.2,5.0,2.362477954144621
17,12,26,3,1,4,2,1,2,3,2,4,1,5,4.238095238095238,3.4,4.851851851851851,3.4,4.2,4.2,2.0,4.2,3.4,3.4,3.4,4.2,4.2,5.0,2.7370811287477954
6,28,5,1,5,2,3,5,4,2,5,1,3,2,2.142857142857143,1.2666666666666666,1.7407407407407407,1.8,1.0,2.6,3.0,1.0,1.7999999999999998,2.6,1.0,1.8,2.6,2.6,2.828483245149912
13,21,10,2,3,2,3,3,2,3,2,2,3,2,3.4761904761904763,2.2,2.4814814814814814,2.6,2.6,2.6,3.0,2.6,3.4,3.4,3.4,2.6,2.6,2.6,2.8482363315696646
2,23,26,4,5,4,2,0,3,1,2,5,1,5,1.380952380952381,1.9333333333333336,4.851851851851851,4.2,1.0,4.2,2.0,5.0,2.6,1.8,3.4,5.0,4.2,5.0,3.2180335097001764
21,13,27,5,1,5,2,2,1,3,1,5,1,4,5.0,3.2666666666666666,5.0,5.0,4.2,5.0,2.0,3.4,4.2,3.4,4.2,5.0,4.2,4.2,2.975
16,9,27,5,1,4,1,2,1,4,2,5,1,4,4.0476190476190474,3.8,5.0,5.0,4.2,4.2,1.0,3.4,4.2,4.2,3.4,5.0,4.2,4.2,2.5936507936507938
16,9,17,4,1,3,1,2,2,5,2,4,1,5,4.0476190476190474,3.8,3.5185185185185186,4.2,4.2,3.4,1.0,3.4,3.4,5.0,3.4,4.2,4.2,5.0,2.4652557319223987
10,24,10,3,3,3,2,3,3,2,2,2,2,2,2.9047619047619047,1.7999999999999998,2.4814814814814814,3.4,2.6,3.4,2.0,2.6,2.6,2.6,3.4,2.6,3.4,2.6,2.9827601410934745
21,7,9,5,3,0,0,1,2,0,3,5,1,5,5.0,4.066666666666666,2.333333333333333,5.0,2.6,1.0,1.0,4.2,3.4,1.0,2.6,5.0,4.2,5.0,2.0555555555555554
20,5,20,3,1,4,2,1,2,3,2,4,1,5,4.809523809523809,4.333333333333334,3.962962962962963,3.4,4.2,4.2,2.0,4.2,3.4,3.4,3.4,4.2,4.2,5.0,2.257186948853615
15,7,15,5,1,4,2,2,1,3,2,4,1,4,3.857142857142857,4.066666666666666,3.2222222222222223,5.0,4.2,4.2,2.0,3.4,4.2,3.4,3.4,4.2,4.2,4.2,2.3533068783068787
19,10,20,4,1,4,2,2,2,3,1,4,1,5,4.619047619047619,3.666666666666667,3.962962962962963,4.2,4.2,4.2,2.0,3.4,3.4,3.4,4.2,4.2,4.2,5.0,2.6159171075837744
17,13,27,4,1,5,2,1,2,3,1,5,1,4,4.238095238095238,3.2666666666666666,5.0,4.2,4.2,5.0,2.0,4.2,3.4,3.4,4.2,5.0,4.2,4.2,2.909920634920635
7,13,17,5,1,1,1,0,0,0,2,5,1,4,2.333333333333333,3.2666666666666666,3.5185185185185186,5.0,4.2,1.8,1.0,5.0,5.0,1.0,3.4,5.0,4.2,4.2,2.593827160493827
12,15,10,2,2,3,3,3,2,3,2,2,3,2,3.2857142857142856,3.0,2.4814814814814814,2.6,3.4,3.4,3.0,2.6,3.4,3.4,3.4,2.6,2.6,2.6,2.506966490299823
16,11,16,1,5,5,1,1,1,5,4,3,1,2,4.0476190476190474,3.533333333333333,3.3703703703703702,1.8,1.0,5.0,1.0,4.2,4.2,5.0,1.7999999999999998,3.4,4.2,2.6,2.292416225749559
1,26,2,1,4,1,3,4,4,1,4,1,3,2,1.1904761904761905,1.5333333333333332,1.2962962962962963,1.8,1.7999999999999998,1.8,3.0,1.7999999999999998,1.7999999999999998,1.8,1.7999999999999998,1.8,2.6,2.6,2.670282186948854
13,24,10,2,3,2,2,2,2,3,3,3,2,2,3.4761904761904763,1.7999999999999998,2.4814814814814814,2.6,2.6,2.6,2.0,3.4,3.4,3.4,2.6,3.4,3.4,2.6,3.0399029982363315
8,29,5,1,5,2,4,4,5,1,4,1,3,2,2.5238095238095237,1.1333333333333329,1.7407407407407407,1.8,1.0,2.6,4.0,1.7999999999999998,1.0,1.8,1.7999999999999998,1.8,2.6,2.6,2.9526895943562614
19,6,19,5,1,3,1,1,1,3,1,4,1,4,4.619047619047619,4.2,3.814814814814815,5.0,4.2,3.4,1.0,4.2,4.2,3.4,4.2,4.2,4.2,4.2,2.3347442680776016
11,19,13,3,2,3,3,2,3,3,3,3,3,2,3.0952380952380953,2.466666666666667,2.9259259259259256,3.4,3.4,3.4,3.0,3.4,2.6,3.4,2.6,3.4,2.6,2.6,2.817548500881834
9,24,10,3,2,2,2,2,3,2,2,2,2,3,2.7142857142857144,1.7999999999999998,2.4814814814814814,3.4,3.4,2.6,2.0,3.4,2.6,2.6,3.4,2.6,3.4,3.4,3.041490299823633
5,26,1,1,4,1,3,5,4,2,4,1,3,1,1.9523809523809523,1.5333333333333332,1.1481481481481481,1.8,1.7999999999999998,1.8,3.0,1.0,1.7999999999999998,2.6,1.7999999999999998,1.8,2.6,1.8,2.6625220458553795
13,6,8,1,1,4,2,3,4,3,4,4,0,2,3.4761904761904763,4.2,2.185185185185185,1.8,4.2,4.2,2.0,2.6,1.7999999999999998,3.4,1.7999999999999998,4.2,5.0,2.6,1.8275573192239858
19,24,10,4,2,2,5,0,3,2,3,3,1,1,4.619047619047619,1.7999999999999998,2.4814814814814814,4.2,3.4,2.6,5.0,5.0,2.6,2.6,2.6,3.4,4.2,1.8,3.279188712522046
10,23,13,2,2,3,3,2,3,2,3,2,3,3,2.9047619047619047,1.9333333333333336,2.9259259259259256,2.6,3.4,3.4,3.0,3.4,2.6,2.6,2.6,2.6,2.6,3.4,3.0096119929453264
11,24,11,3,2,3,2,3,2,2,2,2,2,2,3.0952380952380953,1.7999999999999998,2.6296296296296298,3.4,3.4,3.4,2.0,2.6,3.4,2.6,3.4,2.6,3.4,2.6,3.063536155202822
19,3,21,3,1,4,2,2,2,4,2,4,1,4,4.619047619047619,4.6,4.111111111111111,3.4,4.2,4.2,2.0,3.4,3.4,4.2,3.4,4.2,4.2,4.2,2.0887566137566136
1,30,0,1,4,1,4,4,5,1,5,1,3,1,1.1904761904761905,1.0,1.0,1.8,1.7999999999999998,1.8,4.0,1.7999999999999998,1.0,1.8,1.0,1.8,2.6,1.8,2.8662698412698413
13,24,14,2,2,3,3,3,2,3,2,2,2,2,3.4761904761904763,1.7999999999999998,3.074074074074074,2.6,3.4,3.4,3.0,2.6,3.4,3.4,3.4,2.6,3.4,2.6,3.139594356261023
4,8,12,1,4,4,2,2,1,1,4,2,1,0,1.7619047619047619,3.9333333333333336,2.7777777777777777,1.8,1.7999999999999998,4.2,2.0,3.4,4.2,1.8,1.7999999999999998,2.6,4.2,1.0,1.7474867724867724
12,19,9,3,2,3,3,2,2,2,3,2,2,3,3.2857142857142856,2.466666666666667,2.333333333333333,3.4,3.4,3.4,3.0,3.4,3.4,2.6,2.6,2.6,3.4,3.4,2.8007936507936506
9,17,12,3,3,2,2,3,2,2,3,3,2,3,2.7142857142857144,2.7333333333333334,2.7777777777777777,3.4,2.6,2.6,2.0,2.6,3.4,2.6,2.6,3.4,3.4,3.4,2.553835978835979
9,22,13,2,3,2,2,3,2,2,2,2,2,3,2.7142857142857144,2.066666666666667,2.9259259259259256,2.6,2.6,2.6,2.0,2.6,3.4,2.6,3.4,2.6,3.4,3.4,2.860008818342152
3,26,1,1,4,2,4,5,4,1,4,1,3,2,1.5714285714285714,1.5333333333333332,1.1481481481481481,1.8,1.7999999999999998,2.6,4.0,1.0,1.7999999999999998,1.8,1.7999999999999998,1.8,2.6,2.6,2.7216490299823635
4,30,8,1,4,1,4,5,4,1,5,1,3,2,1.7619047619047619,1.0,2.185185185185185,1.8,1.7999999999999998,1.8,4.0,1.0,1.7999999999999998,1.8,1.0,1.8,2.6,2.6,2.972795414462081
3,30,0,1,5,1,3,5,5,1,4,1,3,1,1.5714285714285714,1.0,1.0,1.8,1.0,1.8,3.0,1.0,1.0,1.8,1.7999999999999998,1.8,2.6,1.8,2.8071428571428574
13,20,12,3,2,2,2,2,2,2,3,2,2,2,3.4761904761904763,2.3333333333333335,2.7777777777777777,3.4,3.4,2.6,2.0,3.4,3.4,2.6,2.6,2.6,3.4,2.6,2.7855820105820106
15,9,25,3,1,5,2,1,2,3,2,4,1,5,3.857142857142857,3.8,4.703703703703704,3.4,4.2,5.0,2.0,4.2,3.4,3.4,3.4,4.2,4.2,5.0,2.54836860670194
16,13,20,3,1,5,1,1,1,5,1,5,1,5,4.0476190476190474,3.2666666666666666,3.962962962962963,3.4,4.2,5.0,1.0,4.2,4.2,5.0,4.2,5.0,4.2,5.0,2.917107583774251
21,2,21,5,1,5,2,1,2,4,2,5,1,5,5.0,4.733333333333333,4.111111111111111,5.0,4.2,5.0,2.0,4.2,3.4,4.2,3.4,5.0,4.2,5.0,2.237962962962963
13,25,11,2,2,3,2,3,2,3,3,3,3,3,3.4761904761904763,1.666666666666666,2.6296296296296298,2.6,3.4,3.4,2.0,2.6,3.4,3.4,2.6,3.4,2.6,3.4,3.1794091710758376
11,21,12,2,3,2,2,2,2,3,3,2,3,2,3.0952380952380953,2.2,2.7777777777777777,2.6,2.6,2.6,2.0,3.4,3.4,3.4,2.6,2.6,2.6,2.6,2.803042328042328
6,26,0,1,4,1,4,4,4,2,4,1,3,1,2.142857142857143,1.5333333333333332,1.0,1.8,1.7999999999999998,1.8,4.0,1.7999999999999998,1.7999999999999998,2.6,1.7999999999999998,1.8,2.6,1.8,2.7392857142857148
9,22,12,3,3,2,3,3,3,2,2,2,2,3,2.7142857142857144,2.066666666666667,2.7777777777777777,3.4,2.6,2.6,3.0,2.6,2.6,2.6,3.4,2.6,3.4,3.4,2.8955026455026456
12,22,20,5,4,3,3,1,2,2,4,0,0,0,3.2857142857142856,2.066666666666667,3.962962962962963,5.0,1.7999999999999998,3.4,3.0,4.2,3.4,2.6,1.7999999999999998,1.0,5.0,1.0,2.902028218694885
12,16,10,3,3,3,3,3,3,3,2,2,3,3,3.2857142857142856,2.8666666666666667,2.4814814814814814,3.4,2.6,3.4,3.0,2.6,2.6,3.4,3.4,2.6,2.6,3.4,2.57363315696649
14,21,14,2,2,2,3,3,2,3,3,3,3,2,3.6666666666666665,2.2,3.074074074074074,2.6,3.4,2.6,3.0,2.6,3.4,3.4,2.6,3.4,2.6,2.6,2.9141975308641976
6,26,3,1,4,2,4,4,4,1,4,1,3,1,2.142857142857143,1.5333333333333332,1.4444444444444444,1.8,1.7999999999999998,2.6,4.0,1.7999999999999998,1.7999999999999998,1.8,1.7999999999999998,1.8,2.6,1.8,2.757804232804233
7,27,4,1,4,2,3,4,4,2,4,1,3,2,2.333333333333333,1.4000000000000004,1.5925925925925926,1.8,1.7999999999999998,2.6,3.0,1.7999999999999998,1.7999999999999998,2.6,1.7999999999999998,1.8,2.6,2.6,2.86358024691358
6,30,4,1,4,1,4,5,4,2,5,1,3,2,2.142857142857143,1.0,1.5925925925925926,1.8,1.7999999999999998,1.8,4.0,1.0,1.7999999999999998,2.6,1.0,1.8,2.6,2.6,2.997310405643739
21,7,20,4,1,3,2,1,2,5,1,5,1,4,5.0,4.066666666666666,3.962962962962963,4.2,4.2,3.4,2.0,4.2,3.4,5.0,4.2,5.0,4.2,4.2,2.498456790123457
16,10,25,3,1,4,2,2,2,5,1,5,1,5,4.0476190476190474,3.666666666666667,4.703703703703704,3.4,4.2,4.2,2.0,3.4,3.4,5.0,4.2,5.0,4.2,5.0,2.689638447971781
7,27,0,1,4,2,3,4,4,1,4,1,3,2,2.333333333333333,1.4000000000000004,1.0,1.8,1.7999999999999998,2.6,3.0,1.7999999999999998,1.7999999999999998,1.8,1.7999999999999998,1.8,2.6,2.6,2.8055555555555554
16,6,19,3,1,3,1,2,2,3,1,5,1,5,4.0476190476190474,4.2,3.814814814814815,3.4,4.2,3.4,1.0,3.4,3.4,3.4,4.2,5.0,4.2,5.0,2.2442680776014106
13,18,12,3,3,3,3,2,3,3,3,2,3,3,3.4761904761904763,2.6,2.7777777777777777,3.4,2.6,3.4,3.0,3.4,2.6,3.4,2.6,2.6,2.6,3.4,2.727248677248677
5,25,12,4,4,5,4,3,4,3,2,2,1,0,1.9523809523809523,1.666666666666666,2.7777777777777777,4.2,1.7999999999999998,5.0,4.0,2.6,1.7999999999999998,3.4,3.4,2.6,4.2,1.0,3.105423280423281
13,20,13,2,3,2,2,2,3,2,2,3,3,3,3.4761904761904763,2.3333333333333335,2.9259259259259256,2.6,2.6,2.6,2.0,3.4,2.6,2.6,3.4,3.4,2.6,3.4,2.791754850088183
5,30,7,1,4,2,3,5,4,2,5,1,3,1,1.9523809523809523,1.0,2.037037037037037,1.8,1.7999999999999998,2.6,3.0,1.0,1.7999999999999998,2.6,1.0,1.8,2.6,1.8,2.966225749559083
11,20,10,3,2,3,4,4,1,2,3,2,0,0,3.0952380952380953,2.3333333333333335,2.4814814814814814,3.4,3.4,3.4,4.0,1.7999999999999998,4.2,2.6,2.6,2.6,5.0,1.0,2.7740299823633157
7,28,7,1,5,2,3,5,5,2,4,1,3,2,2.333333333333333,1.2666666666666666,2.037037037037037,1.8,1.0,2.6,3.0,1.0,1.0,2.6,1.7999999999999998,1.8,2.6,2.6,2.8487654320987654
1,30,3,1,4,2,3,5,4,1,4,1,3,2,1.1904761904761905,1.0,1.4444444444444444,1.8,1.7999999999999998,2.6,3.0,1.0,1.7999999999999998,1.8,1.7999999999999998,1.8,2.6,2.6,2.9431216931216935
11,20,10,3,2,2,2,3,3,2,3,3,3,3,3.0952380952380953,2.3333333333333335,2.4814814814814814,3.4,3.4,2.6,2.0,2.6,2.6,2.6,2.6,3.4,2.6,3.4,2.757363315696649
5,20,3,2,4,5,0,1,3,0,2,3,0,2,1.9523809523809523,2.3333333333333335,1.4444444444444444,2.6,1.7999999999999998,5.0,1.0,4.2,2.6,1.0,3.4,3.4,5.0,2.6,2.624867724867725
8,26,8,1,5,1,4,4,4,2,5,1,3,1,2.5238095238095237,1.5333333333333332,2.185185185185185,1.8,1.0,1.8,4.0,1.7999999999999998,1.7999999999999998,2.6,1.0,1.8,2.6,1.8,2.737874779541446
12,19,12,2,3,3,2,2,3,2,3,3,3,2,3.2857142857142856,2.466666666666667,2.7777777777777777,2.6,2.6,3.4,2.0,3.4,2.6,2.6,2.6,3.4,2.6,2.6,2.677645502645503
8,30,3,1,4,1,4,4,5,2,5,1,3,2,2.5238095238095237,1.0,1.4444444444444444,1.8,1.7999999999999998,1.8,4.0,1.7999999999999998,1.0,2.6,1.0,1.8,2.6,2.6,3.007010582010582
14,24,10,2,2,3,3,2,3,2,3,3,3,3,3.6666666666666665,1.7999999999999998,2.4814814814814814,2.6,3.4,3.4,3.0,3.4,2.6,2.6,2.6,3.4,2.6,3.4,3.1228395061728396
9,17,13,3,3,2,2,2,3,2,2,3,3,2,2.7142857142857144,2.7333333333333334,2.9259259259259256,3.4,2.6,2.6,2.0,3.4,2.6,2.6,3.4,3.4,2.6,2.6,2.5600088183421517
12,18,9,3,2,2,3,2,2,3,3,3,2,2,3.2857142857142856,2.6,2.333333333333333,3.4,3.4,2.6,3.0,3.4,3.4,3.4,2.6,3.4,3.4,2.6,2.734126984126984
10,25,10,2,3,3,3,3,3,3,3,3,3,3,2.9047619047619047,1.666666666666666,2.4814814814814814,2.6,2.6,3.4,3.0,2.6,2.6,3.4,2.6,3.4,2.6,3.4,3.124426807760141
16,11,22,5,1,4,2,2,1,5,2,5,1,4,4.0476190476190474,3.533333333333333,4.2592592592592595,5.0,4.2,4.2,2.0,3.4,4.2,5.0,3.4,5.0,4.2,4.2,2.771119929453263
1,29,0,1,4,2,4,4,5,1,5,1,3,1,1.1904761904761905,1.1333333333333329,1.0,1.8,1.7999999999999998,2.6,4.0,1.7999999999999998,1.0,1.8,1.0,1.8,2.6,1.8,2.832936507936508
8,28,4,1,4,1,3,5,5,2,5,1,3,2,2.5238095238095237,1.2666666666666666,1.5925925925925926,1.8,1.7999999999999998,1.8,3.0,1.0,1.0,2.6,1.0,1.8,2.6,2.6,2.8048500881834215
9,25,9,2,3,2,2,3,3,2,2,2,2,2,2.7142857142857144,1.666666666666666,2.333333333333333,2.6,2.6,2.6,2.0,2.6,2.6,2.6,3.4,2.6,3.4,2.6,2.968650793650794
7,30,5,1,5,1,3,4,5,2,4,1,3,1,2.333333333333333,1.0,1.7407407407407407,1.8,1.0,1.8,3.0,1.7999999999999998,1.0,2.6,1.7999999999999998,1.8,2.6,1.8,2.93641975308642
19,2,27,5,1,4,2,1,1,5,2,4,1,5,4.619047619047619,4.733333333333333,5.0,5.0,4.2,4.2,2.0,4.2,4.2,5.0,3.4,4.2,4.2,5.0,2.259126984126984
21,4,24,4,1,5,1,2,1,4,2,4,1,4,5.0,4.466666666666667,4.555555555555555,4.2,4.2,5.0,1.0,3.4,4.2,4.2,3.4,4.2,4.2,4.2,2.2481481481481485
7,29,0,1,4,2,3,4,5,2,5,1,3,1,2.333333333333333,1.1333333333333329,1.0,1.8,1.7999999999999998,2.6,3.0,1.7999999999999998,1.0,2.6,1.0,1.8,2.6,1.8,2.8722222222222227
7,21,23,1,2,4,3,0,4,3,2,2,0,1,2.333333333333333,2.2,4.407407407407407,1.8,3.4,4.2,3.0,5.0,1.7999999999999998,3.4,3.4,2.6,5.0,1.8,2.947530864197531
16,15,22,3,1,5,1,2,1,4,2,4,1,4,4.0476190476190474,3.0,4.2592592592592595,3.4,4.2,5.0,1.0,3.4,4.2,4.2,3.4,4.2,4.2,4.2,2.8961199294532634
15,8,22,5,1,3,1,1,2,4,1,5,1,4,3.857142857142857,3.9333333333333336,4.2592592592592595,5.0,4.2,3.4,1.0,4.2,3.4,4.2,4.2,5.0,4.2,4.2,2.488183421516755
14,11,20,5,2,4,0,0,5,1,3,5,0,2,3.6666666666666665,3.533333333333333,3.962962962962963,5.0,3.4,4.2,1.0,5.0,1.0,1.8,2.6,5.0,5.0,2.6,2.367901234567902
13,16,12,3,3,3,3,3,2,3,2,3,3,2,3.4761904761904763,2.8666666666666667,2.7777777777777777,3.4,2.6,3.4,3.0,2.6,3.4,3.4,3.4,3.4,2.6,2.6,2.627248677248677
19,13,18,3,1,4,1,1,1,4,1,4,1,4,4.619047619047619,3.2666666666666666,3.6666666666666665,3.4,4.2,4.2,1.0,4.2,4.2,4.2,4.2,4.2,4.2,4.2,2.7952380952380955
5,27,7,1,5,2,4,4,4,2,5,1,3,2,1.9523809523809523,1.4000000000000004,2.037037037037037,1.8,1.0,2.6,4.0,1.7999999999999998,1.7999999999999998,2.6,1.0,1.8,2.6,2.6,2.841225749559083
18,7,27,3,1,5,2,1,2,5,1,4,1,4,4.428571428571429,4.066666666666666,5.0,3.4,4.2,5.0,2.0,4.2,3.4,5.0,4.2,4.2,4.2,4.2,2.5178571428571432
20,9,25,4,1,4,1,2,1,4,1,4,1,5,4.809523809523809,3.8,4.703703703703704,4.2,4.2,4.2,1.0,3.4,4.2,4.2,4.2,4.2,4.2,5.0,2.61305114638448
13,1,21,2,0,4,3,1,4,4,2,2,1,3,3.4761904761904763,4.866666666666667,4.111111111111111,2.6,5.0,4.2,3.0,4.2,1.7999999999999998,4.2,3.4,2.6,4.2,3.4,1.8161375661375658
1,27,0,3,1,4,3,0,2,2,1,3,1,5,1.1904761904761905,1.4000000000000004,1.0,3.4,4.2,4.2,3.0,5.0,3.4,2.6,4.2,3.4,4.2,5.0,3.4912698412698413
1,8,1,4,0,0,0,4,2,1,0,2,0,1,1.1904761904761905,3.9333333333333336,1.1481481481481481,4.2,5.0,1.0,1.0,1.7999999999999998,3.4,1.8,5.0,2.6,5.0,1.8,1.7807760141093474
7,30,1,1,5,2,4,5,5,1,5,1,3,2,2.333333333333333,1.0,1.1481481481481481,1.8,1.0,2.6,4.0,1.0,1.0,1.8,1.0,1.8,2.6,2.6,2.9200617283950616
15,8,19,4,1,4,2,2,1,3,2,5,1,5,3.857142857142857,3.9333333333333336,3.814814814814815,4.2,4.2,4.2,2.0,3.4,4.2,3.4,3.4,5.0,4.2,5.0,2.47799823633157
16,9,18,4,1,5,2,1,2,3,2,5,1,4,4.0476190476190474,3.8,3.6666666666666665,4.2,4.2,5.0,2.0,4.2,3.4,3.4,3.4,5.0,4.2,4.2,2.5464285714285717
9,30,2,3,3,4,5,0,1,4,3,2,1,1,2.7142857142857144,1.0,1.2962962962962963,3.4,2.6,4.2,5.0,5.0,4.2,4.2,2.6,2.6,4.2,1.8,3.6504409171075842
1,29,4,1,5,2,4,5,5,2,5,1,3,2,1.1904761904761905,1.1333333333333329,1.5925925925925926,1.8,1.0,2.6,4.0,1.0,1.0,2.6,1.0,1.8,2.6,2.6,2.8576278659611996
0,26,1,1,5,1,4,5,5,2,4,1,3,2,1.0,1.5333333333333332,1.1481481481481481,1.8,1.0,1.8,4.0,1.0,1.0,2.6,1.7999999999999998,1.8,2.6,2.6,2.631172839506173
21,18,25,5,4,1,1,0,3,1,2,3,0,0,5.0,2.6,4.703703703703704,5.0,1.7999999999999998,1.8,1.0,5.0,2.6,1.8,3.4,3.4,5.0,1.0,2.7209876543209877
16,5,24,5,1,4,2,1,1,5,1,5,1,4,4.0476190476190474,4.333333333333334,4.555555555555555,5.0,4.2,4.2,2.0,4.2,4.2,5.0,4.2,5.0,4.2,4.2,2.450132275132275
12,22,18,5,4,3,0,5,4,3,1,0,0,3,3.2857142857142856,2.066666666666667,3.6666666666666665,5.0,1.7999999999999998,3.4,1.0,1.0,1.7999999999999998,3.4,4.2,1.0,5.0,3.4,2.8396825396825394
4,9,4,2,5,1,3,0,4,4,2,5,1,0,1.7619047619047619,3.8,1.5925925925925926,2.6,1.0,1.8,3.0,5.0,1.7999999999999998,4.2,3.4,5.0,4.2,1.0,1.9397707231040564
11,24,12,2,3,2,3,2,3,2,2,2,3,3,3.0952380952380953,1.7999999999999998,2.7777777777777777,2.6,2.6,2.6,3.0,3.4,2.6,2.6,3.4,2.6,2.6,3.4,3.0447089947089947
9,17,14,3,3,3,3,3,2,3,2,2,2,3,2.7142857142857144,2.7333333333333334,3.074074074074074,3.4,2.6,3.4,3.0,2.6,3.4,3.4,3.4,2.6,3.4,3.4,2.674514991181658
10,21,27,1,4,0,3,0,3,5,3,4,1,0,2.9047619047619047,2.2,5.0,1.8,1.7999999999999998,1.0,3.0,5.0,2.6,5.0,2.6,4.2,4.2,1.0,2.8960317460317464
2,28,2,1,4,2,4,5,4,2,5,1,3,1,1.380952380952381,1.2666666666666666,1.2962962962962963,1.8,1.7999999999999998,2.6,4.0,1.0,1.7999999999999998,2.6,1.0,1.8,2.6,1.8,2.8198853615520285
13,23,11,3,2,3,2,3,2,3,2,2,2,3,3.4761904761904763,1.9333333333333336,2.6296296296296298,3.4,3.4,3.4,2.0,2.6,3.4,3.4,3.4,2.6,3.4,3.4,3.079409171075837
2,23,4,4,5,0,2,1,0,4,2,1,0,1,1.380952380952381,1.9333333333333336,1.5925925925925926,4.2,1.0,1.0,2.0,4.2,5.0,4.2,3.4,1.8,5.0,1.8,2.8488977072310404
18,7,18,3,1,5,1,2,1,4,2,5,1,5,4.428571428571429,4.066666666666666,3.6666666666666665,3.4,4.2,5.0,1.0,3.4,4.2,4.2,3.4,5.0,4.2,5.0,2.420634920634921
4,26,5,1,4,1,3,4,4,2,5,1,3,2,1.7619047619047619,1.5333333333333332,1.7407407407407407,1.8,1.7999999999999998,1.8,3.0,1.7999999999999998,1.7999999999999998,2.6,1.0,1.8,2.6,2.6,2.7126102292768963
1,21,11,3,5,4,3,5,0,4,2,3,1,0,1.1904761904761905,2.2,2.6296296296296298,3.4,1.0,4.2,3.0,1.0,5.0,4.2,3.4,3.4,4.2,1.0,2.792504409171076
2,28,8,1,4,1,4,5,5,1,4,1,3,2,1.380952380952381,1.2666666666666666,2.185185185185185,1.8,1.7999999999999998,1.8,4.0,1.0,1.0,1.8,1.7999999999999998,1.8,2.6,2.6,2.823589065255732
10,23,9,3,3,3,3,3,2,3,2,3,2,2,2.9047619047619047,1.9333333333333336,2.333333333333333,3.4,2.6,3.4,3.0,2.6,3.4,3.4,3.4,3.4,3.4,2.6,3.0515873015873014
20,0,24,4,1,4,2,1,2,4,2,5,1,4,4.809523809523809,5.0,4.555555555555555,4.2,4.2,4.2,2.0,4.2,3.4,4.2,3.4,5.0,4.2,4.2,2.01521164021164
10,21,13,3,3,2,2,3,2,3,3,3,3,3,2.9047619047619047,2.2,2.9259259259259256,3.4,2.6,2.6,2.0,2.6,3.4,3.4,2.6,3.4,2.6,3.4,2.8679453262786594
7,30,3,1,5,1,4,5,5,1,4,1,3,2,2.333333333333333,1.0,1.4444444444444444,1.8,1.0,1.8,4.0,1.0,1.0,1.8,1.7999999999999998,1.8,2.6,2.6,2.9324074074074074
10,17,13,3,2,2,2,3,2,3,3,2,3,2,2.9047619047619047,2.7333333333333334,2.9259259259259256,3.4,3.4,2.6,2.0,2.6,3.4,3.4,2.6,2.6,2.6,2.6,2.5679453262786596
12,16,7,5,2,3,0,4,5,0,0,5,1,2,3.2857142857142856,2.8666666666666667,2.037037037037037,5.0,3.4,3.4,1.0,1.7999999999999998,1.0,1.0,5.0,5.0,4.2,2.6,2.5051146384479717
14,22,10,3,1,3,5,2,2,0,3,3,0,4,3.6666666666666665,2.066666666666667,2.4814814814814814,3.4,4.2,3.4,5.0,3.4,3.4,1.0,2.6,3.4,5.0,4.2,3.139506172839506
0,28,3,1,4,1,3,5,4,2,5,1,3,1,1.0,1.2666666666666666,1.4444444444444444,1.8,1.7999999999999998,1.8,3.0,1.0,1.7999999999999998,2.6,1.0,1.8,2.6,1.8,2.7351851851851854
7,26,1,1,4,1,4,5,5,2,4,1,3,2,2.333333333333333,1.5333333333333332,1.1481481481481481,1.8,1.7999999999999998,1.8,4.0,1.0,1.0,2.6,1.7999999999999998,1.8,2.6,2.6,2.720061728395062
18,7,15,4,1,5,2,2,2,3,2,4,1,4,4.428571428571429,4.066666666666666,3.2222222222222223,4.2,4.2,5.0,2.0,3.4,3.4,3.4,3.4,4.2,4.2,4.2,2.343783068783069
8,28,8,1,5,2,4,5,4,2,4,1,3,1,2.5238095238095237,1.2666666666666666,2.185185185185185,1.8,1.0,2.6,4.0,1.0,1.7999999999999998,2.6,1.7999999999999998,1.8,2.6,1.8,2.904541446208113
3,26,8,1,5,1,4,4,4,2,4,1,3,1,1.5714285714285714,1.5333333333333332,2.185185185185185,1.8,1.0,1.8,4.0,1.7999999999999998,1.7999999999999998,2.6,1.7999999999999998,1.8,2.6,1.8,2.73152557319224
14,18,9,3,3,3,3,2,2,3,3,2,2,2,3.6666666666666665,2.6,2.333333333333333,3.4,2.6,3.4,3.0,3.4,3.4,3.4,2.6,2.6,3.4,2.6,2.716666666666667
2,2,12,4,0,3,5,1,2,0,2,2,1,4,1.380952380952381,4.733333333333333,2.7777777777777777,4.2,5.0,3.4,5.0,4.2,3.4,1.0,3.4,2.6,4.2,4.2,1.8232804232804232
6,28,1,1,5,2,4,5,4,2,4,1,3,2,2.142857142857143,1.2666666666666666,1.1481481481481481,1.8,1.0,2.6,4.0,1.0,1.7999999999999998,2.6,1.7999999999999998,1.8,2.6,2.6,2.878791887125221
19,11,26,3,1,4,1,2,2,5,1,4,1,5,4.619047619047619,3.533333333333333,4.851851851851851,3.4,4.2,4.2,1.0,3.4,3.4,5.0,4.2,4.2,4.2,5.0,2.7112874779541443
20,6,15,5,1,5,1,2,1,4,2,5,1,5,4.809523809523809,4.2,3.2222222222222223,5.0,4.2,5.0,1.0,3.4,4.2,4.2,3.4,5.0,4.2,5.0,2.4179894179894177
1,16,26,3,3,2,3,0,4,2,2,4,1,2,1.1904761904761905,2.8666666666666667,4.851851851851851,3.4,2.6,2.6,3.0,5.0,1.7999999999999998,2.6,3.4,4.2,4.2,2.6,2.6184303350970017
10,20,13,3,2,3,3,3,3,2,2,2,2,3,2.9047619047619047,2.3333333333333335,2.9259259259259256,3.4,3.4,3.4,3.0,2.6,2.6,2.6,3.4,2.6,3.4,3.4,2.8429453262786595
3,30,6,1,4,1,4,4,4,2,5,1,3,2,1.5714285714285714,1.0,1.8888888888888888,1.8,1.7999999999999998,1.8,4.0,1.7999999999999998,1.7999999999999998,2.6,1.0,1.8,2.6,2.6,3.0191798941798944
3,28,0,1,4,2,4,5,5,1,4,1,3,1,1.5714285714285714,1.2666666666666666,1.0,1.8,1.7999999999999998,2.6,4.0,1.0,1.0,1.8,1.7999999999999998,1.8,2.6,1.8,2.782142857142857
21,15,26,3,1,3,1,1,2,5,1,5,1,5,5.0,3.0,4.851851851851851,3.4,4.2,3.4,1.0,4.2,3.4,5.0,4.2,5.0,4.2,5.0,3.0271604938271603
12,19,9,3,2,3,2,2,2,2,3,2,2,2,3.2857142857142856,2.466666666666667,2.333333333333333,3.4,3.4,3.4,2.0,3.4,3.4,2.6,2.6,2.6,3.4,2.6,2.7257936507936504
11,16,9,2,3,3,2,3,2,3,2,2,2,2,3.0952380952380953,2.8666666666666667,2.333333333333333,2.6,2.6,3.4,2.0,2.6,3.4,3.4,3.4,2.6,3.4,2.6,2.484523809523809
3,29,8,1,4,1,4,4,4,1,4,1,3,2,1.5714285714285714,1.1333333333333329,2.185185185185185,1.8,1.7999999999999998,1.8,4.0,1.7999999999999998,1.7999999999999998,1.8,1.7999999999999998,1.8,2.6,2.6,2.9648589065255733
2,25,3,1,5,1,4,4,4,2,5,1,3,2,1.380952380952381,1.666666666666666,1.4444444444444444,1.8,1.0,1.8,4.0,1.7999999999999998,1.7999999999999998,2.6,1.0,1.8,2.6,2.6,2.6260582010582016
2,28,7,1,5,2,4,4,5,2,4,1,3,2,1.380952380952381,1.2666666666666666,2.037037037037037,1.8,1.0,2.6,4.0,1.7999999999999998,1.0,2.6,1.7999999999999998,1.8,2.6,2.6,2.8840828924162256
12,17,14,3,2,3,2,2,3,3,2,3,2,2,3.2857142857142856,2.7333333333333334,3.074074074074074,3.4,3.4,3.4,2.0,3.4,2.6,3.4,3.4,3.4,3.4,2.6,2.6899911816578483
2,26,4,1,4,1,3,4,4,2,4,1,3,2,1.380952380952381,1.5333333333333332,1.5925925925925926,1.8,1.7999999999999998,1.8,3.0,1.7999999999999998,1.7999999999999998,2.6,1.7999999999999998,1.8,2.6,2.6,2.723897707231041
12,15,12,2,3,2,2,3,2,2,2,2,3,3,3.2857142857142856,3.0,2.7777777777777777,2.6,2.6,2.6,2.0,2.6,3.4,2.6,3.4,2.6,2.6,3.4,2.4109788359788356
3,0,20,3,2,0,3,2,5,5,4,2,1,2,1.5714285714285714,5.0,3.962962962962963,3.4,3.4,1.0,3.0,3.4,1.0,5.0,1.7999999999999998,2.6,4.2,2.6,1.3639329805996472
8,30,4,1,4,2,4,4,5,1,5,1,3,2,2.5238095238095237,1.0,1.5925925925925926,1.8,1.7999999999999998,2.6,4.0,1.7999999999999998,1.0,1.8,1.0,1.8,2.6,2.6,3.013183421516755
17,7,14,0,2,3,5,3,5,5,1,4,0,5,4.238095238095238,4.066666666666666,3.074074074074074,1.0,3.4,3.4,5.0,2.6,1.0,5.0,4.2,4.2,5.0,5.0,2.2213403880070555
21,3,18,4,1,4,2,1,2,5,1,4,1,5,5.0,4.6,3.6666666666666665,4.2,4.2,4.2,2.0,4.2,3.4,5.0,4.2,4.2,4.2,5.0,2.2527777777777778
10,19,10,2,2,2,2,3,3,2,3,3,3,3,2.9047619047619047,2.466666666666667,2.4814814814814814,2.6,3.4,2.6,2.0,2.6,2.6,2.6,2.6,3.4,2.6,3.4,2.6494268077601415
18,2,15,4,1,3,1,2,2,4,2,5,1,4,4.428571428571429,4.733333333333333,3.2222222222222223,4.2,4.2,3.4,1.0,3.4,3.4,4.2,3.4,5.0,4.2,4.2,1.9687830687830687
21,4,26,3,1,3,2,2,2,5,1,5,1,5,5.0,4.466666666666667,4.851851851851851,3.4,4.2,3.4,2.0,3.4,3.4,5.0,4.2,5.0,4.2,5.0,2.3021604938271603
21,15,19,5,1,5,1,2,1,3,2,4,1,5,5.0,3.0,3.814814814814815,5.0,4.2,5.0,1.0,3.4,4.2,3.4,3.4,4.2,4.2,5.0,2.9839506172839503
21,8,17,4,1,5,1,1,2,5,1,5,1,4,5.0,3.9333333333333336,3.5185185185185186,4.2,4.2,5.0,1.0,4.2,3.4,5.0,4.2,5.0,4.2,4.2,2.571604938271605
15,8,22,4,1,5,2,2,1,3,1,4,1,5,3.857142857142857,3.9333333333333336,4.2592592592592595,4.2,4.2,5.0,2.0,3.4,4.2,3.4,4.2,4.2,4.2,5.0,2.529850088183421
21,0,23,3,1,3,2,1,1,4,1,4,1,5,5.0,5.0,4.407407407407407,3.4,4.2,3.4,2.0,4.2,4.2,4.2,4.2,4.2,4.2,5.0,2.0169753086419755
15,7,25,3,1,5,2,2,1,5,1,5,1,4,3.857142857142857,4.066666666666666,4.703703703703704,3.4,4.2,5.0,2.0,3.4,4.2,5.0,4.2,5.0,4.2,4.2,2.515035273368607
18,15,19,4,1,3,1,1,2,4,2,5,1,5,4.428571428571429,3.0,3.814814814814815,4.2,4.2,3.4,1.0,4.2,3.4,4.2,3.4,5.0,4.2,5.0,2.9268077601410933
14,23,12,2,3,3,2,2,2,2,2,2,3,2,3.6666666666666665,1.9333333333333336,2.7777777777777777,2.6,2.6,3.4,2.0,3.4,3.4,2.6,3.4,2.6,2.6,2.6,2.9935185185185187
11,16,14,2,3,3,3,2,3,3,3,3,3,2,3.0952380952380953,2.8666666666666667,3.074074074074074,2.6,2.6,3.4,3.0,3.4,2.6,3.4,2.6,3.4,2.6,2.6,2.5570546737213404
11,15,10,2,3,2,3,2,2,2,2,2,3,3,3.0952380952380953,3.0,2.4814814814814814,2.6,2.6,2.6,3.0,3.4,3.4,2.6,3.4,2.6,2.6,3.4,2.465696649029982
19,1,18,4,1,4,2,1,2,5,1,5,1,5,4.619047619047619,4.866666666666667,3.6666666666666665,4.2,4.2,4.2,2.0,4.2,3.4,5.0,4.2,5.0,4.2,5.0,2.1369047619047614
19,14,20,4,1,3,1,2,2,4,1,4,1,5,4.619047619047619,3.1333333333333333,3.962962962962963,4.2,4.2,3.4,1.0,3.4,3.4,4.2,4.2,4.2,4.2,5.0,2.8409171075837745
19,14,23,4,1,4,2,1,1,5,2,4,1,5,4.619047619047619,3.1333333333333333,4.407407407407407,4.2,4.2,4.2,2.0,4.2,4.2,5.0,3.4,4.2,4.2,5.0,3.0011022927689597
7,26,6,1,5,2,3,4,4,1,4,1,3,1,2.333333333333333,1.5333333333333332,1.8888888888888888,1.8,1.0,2.6,3.0,1.7999999999999998,1.7999999999999998,1.8,1.7999999999999998,1.8,2.6,1.8,2.7092592592592593
10,17,10,3,2,3,3,3,3,2,2,3,3,3,2.9047619047619047,2.7333333333333334,2.4814814814814814,3.4,3.4,3.4,3.0,2.6,2.6,2.6,3.4,3.4,2.6,3.4,2.6577601410934744
6,29,2,1,4,1,3,5,5,2,4,1,3,1,2.142857142857143,1.1333333333333329,1.2962962962962963,1.8,1.7999999999999998,1.8,3.0,1.0,1.0,2.6,1.7999999999999998,1.8,2.6,1.8,2.843298059964727
6,29,3,1,4,1,4,4,4,1,4,1,3,2,2.142857142857143,1.1333333333333329,1.4444444444444444,1.8,1.7999999999999998,1.8,4.0,1.7999999999999998,1.7999999999999998,1.8,1.7999999999999998,1.8,2.6,2.6,2.957804232804233
17,29,17,5,5,4,0,3,5,0,2,5,0,0,4.238095238095238,1.1333333333333329,3.5185185185185186,5.0,1.0,4.2,1.0,2.6,1.0,1.0,3.4,5.0,5.0,1.0,3.30652557319224
12,19,12,3,3,3,2,3,2,2,2,2,3,3,3.2857142857142856,2.466666666666667,2.7777777777777777,3.4,2.6,3.4,2.0,2.6,3.4,2.6,3.4,2.6,2.6,3.4,2.7443121693121695
9,15,11,3,2,2,3,2,2,2,3,2,2,3,2.7142857142857144,3.0,2.6296296296296298,3.4,3.4,2.6,3.0,3.4,3.4,2.6,2.6,2.6,3.4,3.4,2.489329805996473
8,28,0,1,5,1,3,4,5,1,4,1,3,1,2.5238095238095237,1.2666666666666666,1.0,1.8,1.0,1.8,3.0,1.7999999999999998,1.0,1.8,1.7999999999999998,1.8,2.6,1.8,2.746825396825397
13,15,9,2,3,3,2,2,2,2,3,3,2,2,3.4761904761904763,3.0,2.333333333333333,2.6,2.6,3.4,2.0,3.4,3.4,2.6,2.6,3.4,3.4,2.6,2.4337301587301585
2,25,4,1,4,1,3,5,5,1,5,1,3,2,1.380952380952381,1.666666666666666,1.5925925925925926,1.8,1.7999999999999998,1.8,3.0,1.0,1.0,1.8,1.0,1.8,2.6,2.6,2.523897707231041
17,29,18,3,0,2,1,2,5,1,3,0,0,3,4.238095238095238,1.1333333333333329,3.6666666666666665,3.4,5.0,2.6,1.0,3.4,1.0,1.8,2.6,1.0,5.0,3.4,3.3126984126984134
8,29,4,1,4,2,4,4,5,2,5,1,3,2,2.5238095238095237,1.1333333333333329,1.5925925925925926,1.8,1.7999999999999998,2.6,4.0,1.7999999999999998,1.0,2.6,1.0,1.8,2.6,2.6,2.9798500881834222
5,30,1,1,4,1,4,5,5,2,5,1,3,1,1.9523809523809523,1.0,1.1481481481481481,1.8,1.7999999999999998,1.8,4.0,1.0,1.0,2.6,1.0,1.8,2.6,1.8,2.904188712522046
2,30,8,1,4,2,3,4,4,1,5,1,3,2,1.380952380952381,1.0,2.185185185185185,1.8,1.7999999999999998,2.6,3.0,1.7999999999999998,1.7999999999999998,1.8,1.0,1.8,2.6,2.6,2.9819223985890653
2,27,8,1,5,1,3,5,4,1,5,1,3,2,1.380952380952381,1.4000000000000004,2.185185185185185,1.8,1.0,1.8,3.0,1.0,1.7999999999999998,1.8,1.0,1.8,2.6,2.6,2.681922398589065
21,4,15,5,1,4,2,2,1,4,1,5,1,4,5.0,4.466666666666667,3.2222222222222223,5.0,4.2,4.2,2.0,3.4,4.2,4.2,4.2,5.0,4.2,4.2,2.300925925925926
2,9,26,4,4,2,2,3,4,5,0,4,1,4,1.380952380952381,3.8,4.851851851851851,4.2,1.7999999999999998,2.6,2.0,2.6,1.7999999999999998,5.0,5.0,4.2,4.2,4.2,2.25136684303351
13,19,13,3,2,2,3,2,3,3,3,2,3,2,3.4761904761904763,2.466666666666667,2.9259259259259256,3.4,3.4,2.6,3.0,3.4,2.6,3.4,2.6,2.6,2.6,2.6,2.7667548500881836
20,3,20,4,1,3,1,1,2,4,1,4,1,4,4.809523809523809,4.6,3.962962962962963,4.2,4.2,3.4,1.0,4.2,3.4,4.2,4.2,4.2,4.2,4.2,2.1155202821869494
17,0,27,5,1,3,1,1,2,4,1,5,1,5,4.238095238095238,5.0,5.0,5.0,4.2,3.4,1.0,4.2,3.4,4.2,4.2,5.0,4.2,5.0,2.034920634920635
14,20,10,2,3,3,2,3,3,3,2,3,3,3,3.6666666666666665,2.3333333333333335,2.4814814814814814,2.6,2.6,3.4,2.0,2.6,2.6,3.4,3.4,3.4,2.6,3.4,2.814506172839506
4,28,4,1,5,1,3,5,5,2,4,1,3,2,1.7619047619047619,1.2666666666666666,1.5925925925925926,1.8,1.0,1.8,3.0,1.0,1.0,2.6,1.7999999999999998,1.8,2.6,2.6,2.77310405643739
17,13,17,5,1,5,2,1,2,5,2,5,1,5,4.238095238095238,3.2666666666666666,3.5185185185185186,5.0,4.2,5.0,2.0,4.2,3.4,5.0,3.4,5.0,4.2,5.0,2.9481922398589067
2,23,4,3,4,5,3,3,2,2,3,2,0,1,1.380952380952381,1.9333333333333336,1.5925925925925926,3.4,1.7999999999999998,5.0,3.0,2.6,3.4,2.6,2.6,2.6,5.0,1.8,2.8572310405643737
9,20,9,3,3,2,2,3,3,3,2,2,2,2,2.7142857142857144,2.3333333333333335,2.333333333333333,3.4,2.6,2.6,2.0,2.6,2.6,3.4,3.4,2.6,3.4,2.6,2.7019841269841267
5,25,7,1,5,2,3,5,4,1,5,1,3,2,1.9523809523809523,1.666666666666666,2.037037037037037,1.8,1.0,2.6,3.0,1.0,1.7999999999999998,1.8,1.0,1.8,2.6,2.6,2.5995590828924167
18,1,26,5,1,5,1,2,1,3,1,5,1,5,4.428571428571429,4.866666666666667,4.851851851851851,5.0,4.2,5.0,1.0,3.4,4.2,3.4,4.2,5.0,4.2,5.0,2.13668430335097
10,18,9,3,2,3,3,3,2,2,2,3,3,2,2.9047619047619047,2.6,2.333333333333333,3.4,3.4,3.4,3.0,2.6,3.4,2.6,3.4,3.4,2.6,2.6,2.7182539682539684
21,27,14,5,0,1,5,2,0,0,3,1,0,4,5.0,1.4000000000000004,3.074074074074074,5.0,5.0,1.8,5.0,3.4,5.0,1.0,2.6,1.8,5.0,4.2,3.58641975308642
19,7,19,5,1,3,2,2,1,4,1,4,1,5,4.619047619047619,4.066666666666666,3.814814814814815,5.0,4.2,3.4,2.0,3.4,4.2,4.2,4.2,4.2,4.2,5.0,2.476410934744268
14,21,13,3,2,2,2,3,2,2,2,3,3,3,3.6666666666666665,2.2,2.9259259259259256,3.4,3.4,2.6,2.0,2.6,3.4,2.6,3.4,3.4,2.6,3.4,2.9330246913580247
10,23,13,2,3,3,2,2,3,2,3,2,3,2,2.9047619047619047,1.9333333333333336,2.9259259259259256,2.6,2.6,3.4,2.0,3.4,2.6,2.6,2.6,2.6,2.6,2.6,2.901278659611993
16,11,18,3,1,4,2,2,1,5,1,5,1,5,4.0476190476190474,3.533333333333333,3.6666666666666665,3.4,4.2,4.2,2.0,3.4,4.2,5.0,4.2,5.0,4.2,5.0,2.7464285714285714
0,25,5,1,5,1,4,5,5,1,5,1,3,1,1.0,1.666666666666666,1.7407407407407407,1.8,1.0,1.8,4.0,1.0,1.0,1.8,1.0,1.8,2.6,1.8,2.489197530864198
14,23,14,2,2,3,3,2,2,2,2,2,3,3,3.6666666666666665,1.9333333333333336,3.074074074074074,2.6,3.4,3.4,3.0,3.4,3.4,2.6,3.4,2.6,2.6,3.4,3.114197530864197
21,0,25,3,1,5,1,1,1,3,1,4,1,5,5.0,5.0,4.703703703703704,3.4,4.2,5.0,1.0,4.2,4.2,3.4,4.2,4.2,4.2,5.0,2.020987654320988
12,16,13,2,3,3,3,2,2,2,2,2,3,3,3.2857142857142856,2.8666666666666667,2.9259259259259256,2.6,2.6,3.4,3.0,3.4,3.4,2.6,3.4,2.6,2.6,3.4,2.5921516754850087
6,26,21,3,1,4,5,4,5,3,3,3,1,3,2.142857142857143,1.5333333333333332,4.111111111111111,3.4,4.2,4.2,5.0,1.7999999999999998,1.0,3.4,2.6,3.4,4.2,3.4,3.343915343915344
18,1,16,3,1,3,2,1,1,5,1,5,1,4,4.428571428571429,4.866666666666667,3.3703703703703702,3.4,4.2,3.4,2.0,4.2,4.2,5.0,4.2,5.0,4.2,4.2,2.049955908289242
5,25,6,1,5,1,3,4,4,1,4,1,3,1,1.9523809523809523,1.666666666666666,1.8888888888888888,1.8,1.0,1.8,3.0,1.7999999999999998,1.7999999999999998,1.8,1.7999999999999998,1.8,2.6,1.8,2.593386243386244
10,11,12,3,5,4,2,2,0,1,4,1,1,1,2.9047619047619047,3.533333333333333,2.7777777777777777,3.4,1.0,4.2,2.0,3.4,5.0,1.8,1.7999999999999998,1.8,4.2,1.8,2.0617724867724867
0,26,8,1,4,2,4,4,4,1,5,1,3,1,1.0,1.5333333333333332,2.185185185185185,1.8,1.7999999999999998,2.6,4.0,1.7999999999999998,1.7999999999999998,1.8,1.0,1.8,2.6,1.8,2.707716049382716
19,8,21,5,1,5,2,2,2,5,2,5,1,4,4.619047619047619,3.9333333333333336,4.111111111111111,5.0,4.2,5.0,2.0,3.4,3.4,5.0,3.4,5.0,4.2,4.2,2.5887566137566136
15,8,17,4,1,3,1,1,2,4,2,4,1,5,3.857142857142857,3.9333333333333336,3.5185185185185186,4.2,4.2,3.4,1.0,4.2,3.4,4.2,3.4,4.2,4.2,5.0,2.390652557319224
21,11,20,3,1,5,1,1,1,3,2,5,1,5,5.0,3.533333333333333,3.962962962962963,3.4,4.2,5.0,1.0,4.2,4.2,3.4,3.4,5.0,4.2,5.0,2.723456790123457
19,1,26,4,1,5,1,1,1,4,1,5,1,4,4.619047619047619,4.866666666666667,4.851851851851851,4.2,4.2,5.0,1.0,4.2,4.2,4.2,4.2,5.0,4.2,4.2,2.1446208112874783
7,30,7,1,4,2,4,4,4,2,5,1,3,2,2.333333333333333,1.0,2.037037037037037,1.8,1.7999999999999998,2.6,4.0,1.7999999999999998,1.7999999999999998,2.6,1.0,1.8,2.6,2.6,3.090432098765432
16,9,26,5,1,3,1,2,1,4,1,4,1,5,4.0476190476190474,3.8,4.851851851851851,5.0,4.2,3.4,1.0,3.4,4.2,4.2,4.2,4.2,4.2,5.0,2.587477954144621
12,7,17,0,0,2,3,3,3,4,4,1,0,3,3.2857142857142856,4.066666666666666,3.5185185185185186,1.0,5.0,2.6,3.0,2.6,2.6,4.2,1.7999999999999998,1.8,5.0,3.4,1.9168430335097006
16,7,5,3,5,5,0,0,4,1,1,1,1,2,4.0476190476190474,4.066666666666666,1.7407407407407407,3.4,1.0,5.0,1.0,5.0,1.7999999999999998,1.8,4.2,1.8,4.2,2.6,1.8578483245149915
17,11,26,5,1,5,1,1,2,4,1,4,1,5,4.238095238095238,3.533333333333333,4.851851851851851,5.0,4.2,5.0,1.0,4.2,3.4,4.2,4.2,4.2,4.2,5.0,2.795414462081129
3,25,6,1,5,1,3,5,4,2,4,1,3,2,1.5714285714285714,1.666666666666666,1.8888888888888888,1.8,1.0,1.8,3.0,1.0,1.7999999999999998,2.6,1.7999999999999998,1.8,2.6,2.6,2.610846560846561
12,3,0,0,1,1,1,5,5,2,2,1,1,0,3.2857142857142856,4.6,1.0,1.0,4.2,1.8,1.0,1.0,1.0,2.6,3.4,1.8,4.2,1.0,1.1619047619047622
14,18,14,2,3,2,3,3,2,3,2,2,3,3,3.6666666666666665,2.6,3.074074074074074,2.6,2.6,2.6,3.0,2.6,3.4,3.4,3.4,2.6,2.6,3.4,2.7141975308641975
13,20,12,3,2,2,2,3,2,3,2,2,2,3,3.4761904761904763,2.3333333333333335,2.7777777777777777,3.4,3.4,2.6,2.0,2.6,3.4,3.4,3.4,2.6,3.4,3.4,2.852248677248677
2,11,15,2,4,0,4,3,4,0,3,4,1,1,1.380952380952381,3.533333333333333,3.2222222222222223,2.6,1.7999999999999998,1.0,4.0,2.6,1.7999999999999998,1.0,2.6,4.2,4.2,1.8,1.9001322751322753
13,19,12,2,2,3,3,2,2,2,3,2,3,3,3.4761904761904763,2.466666666666667,2.7777777777777777,2.6,3.4,3.4,3.0,3.4,3.4,2.6,2.6,2.6,2.6,3.4,2.7939153439153435
11,15,9,2,2,3,3,2,3,3,3,2,3,3,3.0952380952380953,3.0,2.333333333333333,2.6,3.4,3.4,3.0,3.4,2.6,3.4,2.6,2.6,2.6,3.4,2.492857142857143
10,25,9,2,2,2,2,2,3,2,2,3,3,3,2.9047619047619047,1.666666666666666,2.333333333333333,2.6,3.4,2.6,2.0,3.4,2.6,2.6,3.4,3.4,2.6,3.4,3.109920634920635
20,11,22,3,1,4,2,2,2,3,1,5,1,5,4.809523809523809,3.533333333333333,4.2592592592592595,3.4,4.2,4.2,2.0,3.4,3.4,3.4,4.2,5.0,4.2,5.0,2.7028659611992945
3,0,4,1,1,4,3,3,1,1,2,1,1,0,1.5714285714285714,5.0,1.5925925925925926,1.8,4.2,4.2,3.0,2.6,4.2,1.8,3.4,1.8,4.2,1.0,1.2985008818342152
15,0,19,4,1,4,2,2,2,4,1,5,1,5,3.857142857142857,5.0,3.814814814814815,4.2,4.2,4.2,2.0,3.4,3.4,4.2,4.2,5.0,4.2,5.0,1.9779982363315698
0,30,1,1,5,2,3,5,5,1,5,1,3,2,1.0,1.0,1.1481481481481481,1.8,1.0,2.6,3.0,1.0,1.0,1.8,1.0,1.8,2.6,2.6,2.8228395061728397
4,26,6,1,4,1,4,4,5,2,4,1,3,1,1.7619047619047619,1.5333333333333332,1.8888888888888888,1.8,1.7999999999999998,1.8,4.0,1.7999999999999998,1.0,2.6,1.7999999999999998,1.8,2.6,1.8,2.7271164021164025
1,28,14,3,2,2,3,5,2,4,4,0,1,2,1.1904761904761905,1.2666666666666666,3.074074074074074,3.4,3.4,2.6,3.0,1.0,3.4,4.2,1.7999999999999998,1.0,4.2,2.6,3.144356261022928
1,27,5,1,4,2,3,5,5,2,4,1,3,2,1.1904761904761905,1.4000000000000004,1.7407407407407407,1.8,1.7999999999999998,2.6,3.0,1.0,1.0,2.6,1.7999999999999998,1.8,2.6,2.6,2.7554673721340386
18,7,20,0,4,1,3,4,1,0,2,3,0,1,4.428571428571429,4.066666666666666,3.962962962962963,1.0,1.7999999999999998,1.8,3.0,1.7999999999999998,4.2,1.0,3.4,3.4,5.0,1.8,1.7829805996472665
16,1,16,3,1,5,1,1,1,5,1,4,1,4,4.0476190476190474,4.866666666666667,3.3703703703703702,3.4,4.2,5.0,1.0,4.2,4.2,5.0,4.2,4.2,4.2,4.2,2.0257495590828922
11,21,9,3,3,3,2,3,2,3,2,2,2,2,3.0952380952380953,2.2,2.333333333333333,3.4,2.6,3.4,2.0,2.6,3.4,3.4,3.4,2.6,3.4,2.6,2.8511904761904763
7,26,8,1,4,1,3,5,5,2,5,1,3,2,2.333333333333333,1.5333333333333332,2.185185185185185,1.8,1.7999999999999998,1.8,3.0,1.0,1.0,2.6,1.0,1.8,2.6,2.6,2.6882716049382718
18,14,20,4,1,4,2,1,2,3,2,4,1,4,4.428571428571429,3.1333333333333333,3.962962962962963,4.2,4.2,4.2,2.0,4.2,3.4,3.4,3.4,4.2,4.2,4.2,2.8413139329806
9,20,10,2,2,2,2,2,3,2,2,3,3,2,2.7142857142857144,2.3333333333333335,2.4814814814814814,2.6,3.4,2.6,2.0,3.4,2.6,2.6,3.4,3.4,2.6,2.6,2.7414902998236332
1,28,8,1,5,2,3,5,4,1,5,1,3,1,1.1904761904761905,1.2666666666666666,2.185185185185185,1.8,1.0,2.6,3.0,1.0,1.7999999999999998,1.8,1.0,1.8,2.6,1.8,2.740652557319224
16,11,18,4,1,5,1,1,2,4,2,5,1,5,4.0476190476190474,3.533333333333333,3.6666666666666665,4.2,4.2,5.0,1.0,4.2,3.4,4.2,3.4,5.0,4.2,5.0,2.704761904761905
8,4,27,5,2,4,4,2,5,1,3,0,0,1,2.5238095238095237,4.466666666666667,5.0,5.0,3.4,4.2,4.0,3.4,1.0,1.8,2.6,1.0,5.0,1.8,1.75515873015873
9,22,12,3,3,2,2,3,3,3,2,2,2,3,2.7142857142857144,2.066666666666667,2.7777777777777777,3.4,2.6,2.6,2.0,2.6,2.6,3.4,3.4,2.6,3.4,3.4,2.8871693121693123
8,29,3,1,4,2,3,4,4,2,5,1,3,1,2.5238095238095237,1.1333333333333329,1.4444444444444444,1.8,1.7999999999999998,2.6,3.0,1.7999999999999998,1.7999999999999998,2.6,1.0,1.8,2.6,1.8,2.9320105820105824
3,27,8,1,5,2,3,4,4,1,4,1,3,1,1.5714285714285714,1.4000000000000004,2.185185185185185,1.8,1.0,2.6,3.0,1.7999999999999998,1.7999999999999998,1.8,1.7999999999999998,1.8,2.6,1.8,2.75652557319224
3,29,5,1,5,1,3,5,5,2,5,1,3,2,1.5714285714285714,1.1333333333333329,1.7407407407407407,1.8,1.0,1.8,3.0,1.0,1.0,2.6,1.0,1.8,2.6,2.6,2.8046737213403885
12,16,12,2,2,3,2,2,2,2,3,3,3,3,3.2857142857142856,2.8666666666666667,2.7777777777777777,2.6,3.4,3.4,2.0,3.4,3.4,2.6,2.6,3.4,2.6,3.4,2.5776455026455025
3,28,2,1,4,1,3,5,4,1,4,1,3,1,1.5714285714285714,1.2666666666666666,1.2962962962962963,1.8,1.7999999999999998,1.8,3.0,1.0,1.7999999999999998,1.8,1.7999999999999998,1.8,2.6,1.8,2.7528218694885362
21,3,19,0,3,3,0,5,5,4,2,3,0,2,5.0,4.6,3.814814814814815,1.0,2.6,3.4,1.0,1.0,1.0,4.2,3.4,3.4,5.0,2.6,1.5506172839506174
4,21,5,0,1,3,2,0,4,1,1,0,0,1,1.7619047619047619,2.2,1.7407407407407407,1.0,4.2,3.4,2.0,5.0,1.7999999999999998,1.8,4.2,1.0,5.0,1.8,2.6376102292768957
7,26,6,1,4,1,3,5,5,1,4,1,3,1,2.333333333333333,1.5333333333333332,1.8888888888888888,1.8,1.7999999999999998,1.8,3.0,1.0,1.0,1.8,1.7999999999999998,1.8,2.6,1.8,2.642592592592593
7,25,2,1,5,1,3,5,5,2,5,1,3,2,2.333333333333333,1.666666666666666,1.2962962962962963,1.8,1.0,1.8,3.0,1.0,1.0,2.6,1.0,1.8,2.6,2.6,2.551234567901235
3,4,7,0,5,1,3,5,3,1,2,4,0,2,1.5714285714285714,4.466666666666667,2.037037037037037,1.0,1.0,1.8,3.0,1.0,2.6,1.8,3.4,4.2,5.0,2.6,1.350352733686067
3,28,2,1,4,1,4,5,4,1,5,1,3,1,1.5714285714285714,1.2666666666666666,1.2962962962962963,1.8,1.7999999999999998,1.8,4.0,1.0,1.7999999999999998,1.8,1.0,1.8,2.6,1.8,2.7611552028218695
15,13,18,3,1,3,1,1,2,3,1,4,1,5,3.857142857142857,3.2666666666666666,3.6666666666666665,3.4,4.2,3.4,1.0,4.2,3.4,3.4,4.2,4.2,4.2,5.0,2.696825396825397
11,15,12,2,3,3,2,3,3,2,3,3,2,3,3.0952380952380953,3.0,2.7777777777777777,2.6,2.6,3.4,2.0,2.6,2.6,2.6,2.6,3.4,3.4,3.4,2.4030423280423285
21,11,18,3,1,4,2,1,2,3,2,4,1,5,5.0,3.533333333333333,3.6666666666666665,3.4,4.2,4.2,2.0,4.2,3.4,3.4,3.4,4.2,4.2,5.0,2.6527777777777777
16,15,23,3,1,3,2,2,1,3,2,4,1,4,4.0476190476190474,3.0,4.407407407407407,3.4,4.2,3.4,2.0,3.4,4.2,3.4,3.4,4.2,4.2,4.2,2.843959435626102
18,9,23,4,1,4,2,2,2,5,2,4,1,5,4.428571428571429,3.8,4.407407407407407,4.2,4.2,4.2,2.0,3.4,3.4,5.0,3.4,4.2,4.2,5.0,2.5931657848324514
21,13,16,4,1,5,1,2,1,5,1,4,1,4,5.0,3.2666666666666666,3.3703703703703702,4.2,4.2,5.0,1.0,3.4,4.2,5.0,4.2,4.2,4.2,4.2,2.8654320987654325
20,28,8,3,2,1,0,3,5,3,0,2,1,3,4.809523809523809,1.2666666666666666,2.185185185185185,3.4,3.4,1.8,1.0,2.6,1.0,3.4,5.0,2.6,4.2,3.4,3.3081128747795416
15,14,19,5,1,3,2,2,2,5,2,5,1,5,3.857142857142857,3.1333333333333333,3.814814814814815,5.0,4.2,3.4,2.0,3.4,3.4,5.0,3.4,5.0,4.2,5.0,2.911331569664903
7,30,5,1,4,1,4,4,4,1,4,1,3,2,2.333333333333333,1.0,1.7407407407407407,1.8,1.7999999999999998,1.8,4.0,1.7999999999999998,1.7999999999999998,1.8,1.7999999999999998,1.8,2.6,2.6,3.044753086419753
18,4,1,1,0,5,2,4,0,2,0,2,0,0,4.428571428571429,4.466666666666667,1.1481481481481481,1.8,5.0,5.0,2.0,1.7999999999999998,5.0,2.6,5.0,2.6,5.0,1.0,1.8240299823633157
17,9,27,3,1,5,2,1,1,5,2,4,1,5,4.238095238095238,3.8,5.0,3.4,4.2,5.0,2.0,4.2,4.2,5.0,3.4,4.2,4.2,5.0,2.676587301587302
1,19,5,0,3,1,2,4,4,3,1,0,1,0,1.1904761904761905,2.466666666666667,1.7407407407407407,1.0,2.6,1.8,2.0,1.7999999999999998,1.7999999999999998,3.4,4.2,1.0,4.2,1.0,2.2471340388007053
12,10,21,4,5,2,4,4,2,1,2,5,1,2,3.2857142857142856,3.666666666666667,4.111111111111111,4.2,1.0,2.6,4.0,1.7999999999999998,3.4,1.8,3.4,5.0,4.2,2.6,2.2165343915343914
3,29,7,1,4,1,3,5,5,1,5,1,3,1,1.5714285714285714,1.1333333333333329,2.037037037037037,1.8,1.7999999999999998,1.8,3.0,1.0,1.0,1.8,1.0,1.8,2.6,1.8,2.7836860670194006
5,2,6,3,5,4,2,2,1,2,1,5,1,1,1.9523809523809523,4.733333333333333,1.8888888888888888,3.4,1.0,4.2,2.0,3.4,4.2,2.6,4.2,5.0,4.2,1.8,1.618386243386243
14,17,10,2,2,3,3,3,2,2,2,3,3,3,3.6666666666666665,2.7333333333333334,2.4814814814814814,2.6,3.4,3.4,3.0,2.6,3.4,2.6,3.4,3.4,2.6,3.4,2.689506172839506
13,2,5,1,2,0,1,5,1,2,4,4,0,0,3.4761904761904763,4.733333333333333,1.7407407407407407,1.8,3.4,1.0,1.0,1.0,4.2,2.6,1.7999999999999998,4.2,5.0,1.0,1.2673721340388007
18,0,21,3,1,3,2,2,2,4,1,5,1,4,4.428571428571429,5.0,4.111111111111111,3.4,4.2,3.4,2.0,3.4,3.4,4.2,4.2,5.0,4.2,4.2,1.9141534391534394
15,12,19,3,1,3,2,1,1,5,2,4,1,4,3.857142857142857,3.4,3.814814814814815,3.4,4.2,3.4,2.0,4.2,4.2,5.0,3.4,4.2,4.2,4.2,2.711331569664903
11,23,13,3,2,3,2,2,3,2,3,3,2,2,3.0952380952380953,1.9333333333333336,2.9259259259259256,3.4,3.4,3.4,2.0,3.4,2.6,2.6,2.6,3.4,3.4,2.6,3.0092151675485006
14,18,12,3,2,3,3,3,3,2,2,3,3,2,3.6666666666666665,2.6,2.7777777777777777,3.4,3.4,3.4,3.0,2.6,2.6,2.6,3.4,3.4,2.6,2.6,2.7351851851851854
15,13,15,3,1,4,1,1,1,5,2,5,1,5,3.857142857142857,3.2666666666666666,3.2222222222222223,3.4,4.2,4.2,1.0,4.2,4.2,5.0,3.4,5.0,4.2,5.0,2.8116402116402117
3,26,8,1,4,2,3,5,5,2,4,1,3,1,1.5714285714285714,1.5333333333333332,2.185185185185185,1.8,1.7999999999999998,2.6,3.0,1.0,1.0,2.6,1.7999999999999998,1.8,2.6,1.8,2.6898589065255734
18,6,23,5,1,4,2,1,1,3,2,4,1,5,4.428571428571429,4.2,4.407407407407407,5.0,4.2,4.2,2.0,4.2,4.2,3.4,3.4,4.2,4.2,5.0,2.4264991181657845
19,9,24,4,1,4,1,1,2,4,1,5,1,4,4.619047619047619,3.8,4.555555555555555,4.2,4.2,4.2,1.0,4.2,3.4,4.2,4.2,5.0,4.2,4.2,2.598941798941799
17,23,4,1,3,4,1,0,4,0,0,0,0,5,4.238095238095238,1.9333333333333336,1.5925925925925926,1.8,2.6,4.2,1.0,5.0,1.7999999999999998,1.0,5.0,1.0,5.0,5.0,2.9596119929453257
18,7,22,5,1,5,1,1,1,3,1,4,1,5,4.428571428571429,4.066666666666666,4.2592592592592595,5.0,4.2,5.0,1.0,4.2,4.2,3.4,4.2,4.2,4.2,5.0,2.5119929453262793
16,11,17,5,1,4,2,1,2,5,1,4,1,5,4.0476190476190474,3.533333333333333,3.5185185185185186,5.0,4.2,4.2,2.0,4.2,3.4,5.0,4.2,4.2,4.2,5.0,2.7735890652557322
12,23,10,2,2,2,3,2,2,2,2,3,3,2,3.2857142857142856,1.9333333333333336,2.4814814814814814,2.6,3.4,2.6,3.0,3.4,3.4,2.6,3.4,3.4,2.6,2.6,3.0402998236331564
8,29,7,1,5,2,3,5,5,2,4,1,3,1,2.5238095238095237,1.1333333333333329,2.037037037037037,1.8,1.0,2.6,3.0,1.0,1.0,2.6,1.7999999999999998,1.8,2.6,1.8,2.890035273368607
3,25,1,1,4,2,4,4,5,2,4,1,3,1,1.5714285714285714,1.666666666666666,1.1481481481481481,1.8,1.7999999999999998,2.6,4.0,1.7999999999999998,1.0,2.6,1.7999999999999998,1.8,2.6,1.8,2.654982363315697
6,19,14,2,4,1,2,2,4,3,2,5,0,1,2.142857142857143,2.466666666666667,3.074074074074074,2.6,1.7999999999999998,1.8,2.0,3.4,1.7999999999999998,3.4,3.4,5.0,5.0,1.8,2.6090388007054672
2,18,13,2,3,0,5,5,5,0,2,5,0,2,1.380952380952381,2.6,2.9259259259259256,2.6,2.6,1.0,5.0,1.0,1.0,1.0,3.4,5.0,5.0,2.6,2.429453262786596
20,9,20,2,0,2,1,4,0,4,1,4,0,1,4.809523809523809,3.8,3.962962962962963,2.6,5.0,2.6,1.0,1.7999999999999998,5.0,4.2,4.2,4.2,5.0,1.8,2.315520282186949
17,12,22,4,1,4,2,1,2,3,1,5,1,4,4.238095238095238,3.4,4.2592592592592595,4.2,4.2,4.2,2.0,4.2,3.4,3.4,4.2,5.0,4.2,4.2,2.779056437389771
13,16,14,3,2,2,2,2,3,3,3,3,2,3,3.4761904761904763,2.8666666666666667,3.074074074074074,3.4,3.4,2.6,2.0,3.4,2.6,3.4,2.6,3.4,3.4,3.4,2.597927689594356
1,29,2,1,5,2,3,5,4,2,4,1,3,2,1.1904761904761905,1.1333333333333329,1.2962962962962963,1.8,1.0,2.6,3.0,1.0,1.7999999999999998,2.6,1.7999999999999998,1.8,2.6,2.6,2.870282186948854
21,4,22,3,1,3,2,1,1,5,1,5,1,4,5.0,4.466666666666667,4.2592592592592595,3.4,4.2,3.4,2.0,4.2,4.2,5.0,4.2,5.0,4.2,4.2,2.3108024691358025
11,16,5,5,4,0,1,1,1,4,4,4,1,2,3.0952380952380953,2.8666666666666667,1.7407407407407407,5.0,1.7999999999999998,1.0,1.0,4.2,4.2,4.2,1.7999999999999998,4.2,4.2,2.6,2.5181657848324512
16,7,6,2,0,0,4,4,4,4,3,0,0,0,4.0476190476190474,4.066666666666666,1.8888888888888888,2.6,5.0,1.0,4.0,1.7999999999999998,1.7999999999999998,4.2,2.6,1.0,5.0,1.0,1.755687830687831
15,6,21,4,1,4,2,2,1,4,2,4,1,5,3.857142857142857,4.2,4.111111111111111,4.2,4.2,4.2,2.0,3.4,4.2,4.2,3.4,4.2,4.2,5.0,2.357010582010582
20,8,17,3,1,4,2,1,1,4,1,5,1,4,4.809523809523809,3.9333333333333336,3.5185185185185186,3.4,4.2,4.2,2.0,4.2,4.2,4.2,4.2,5.0,4.2,4.2,2.5386684303350973
18,10,25,3,1,3,2,1,1,5,2,5,1,5,4.428571428571429,3.666666666666667,4.703703703703704,3.4,4.2,3.4,2.0,4.2,4.2,5.0,3.4,5.0,4.2,5.0,2.705511463844797
2,26,6,1,4,2,3,5,4,2,4,1,3,1,1.380952380952381,1.5333333333333332,1.8888888888888888,1.8,1.7999999999999998,2.6,3.0,1.0,1.7999999999999998,2.6,1.7999999999999998,1.8,2.6,1.8,2.702910052910053
16,1,27,5,4,0,2,1,4,3,1,5,1,3,4.0476190476190474,4.866666666666667,5.0,5.0,1.7999999999999998,1.0,2.0,4.2,1.7999999999999998,3.4,4.2,5.0,4.2,3.4,1.7686507936507934
6,18,9,3,4,3,5,3,4,5,0,0,0,4,2.142857142857143,2.6,2.333333333333333,3.4,1.7999999999999998,3.4,5.0,2.6,1.7999999999999998,5.0,5.0,1.0,5.0,4.2,2.76984126984127
14,17,11,3,2,3,3,2,2,2,2,2,3,2,3.6666666666666665,2.7333333333333334,2.6296296296296298,3.4,3.4,3.4,3.0,3.4,3.4,2.6,3.4,2.6,2.6,2.6,2.6956790123456793
15,11,18,3,1,4,1,1,2,5,1,5,1,4,3.857142857142857,3.533333333333333,3.6666666666666665,3.4,4.2,4.2,1.0,4.2,3.4,5.0,4.2,5.0,4.2,4.2,2.663492063492064
19,5,24,3,1,3,1,2,1,3,1,4,1,5,4.619047619047619,4.333333333333334,4.555555555555555,3.4,4.2,3.4,1.0,3.4,4.2,3.4,4.2,4.2,4.2,5.0,2.2322751322751317
13,17,11,3,3,3,2,3,3,3,2,2,3,3,3.4761904761904763,2.7333333333333334,2.6296296296296298,3.4,2.6,3.4,2.0,2.6,2.6,3.4,3.4,2.6,2.6,3.4,2.612742504409171
13,14,0,4,5,2,0,3,1,5,3,3,0,1,3.4761904761904763,3.1333333333333333,1.0,4.2,1.0,2.6,1.0,2.6,4.2,5.0,2.6,3.4,5.0,1.8,2.303174603174603
4,2,27,4,0,5,1,2,3,3,0,2,1,3,1.7619047619047619,4.733333333333333,5.0,4.2,5.0,5.0,1.0,3.4,2.6,3.4,5.0,2.6,4.2,3.4,1.8984126984126983
13,19,11,2,2,3,2,2,3,2,2,3,2,3,3.4761904761904763,2.466666666666667,2.6296296296296298,2.6,3.4,3.4,2.0,3.4,2.6,2.6,3.4,3.4,3.4,3.4,2.7794091710758373
13,14,21,5,3,0,1,3,0,1,0,0,0,4,3.4761904761904763,3.1333333333333333,4.111111111111111,5.0,2.6,1.0,1.0,2.6,5.0,1.8,5.0,1.0,5.0,4.2,2.4661375661375664
0,27,5,1,5,1,4,4,5,1,4,1,3,1,1.0,1.4000000000000004,1.7407407407407407,1.8,1.0,1.8,4.0,1.7999999999999998,1.0,1.8,1.7999999999999998,1.8,2.6,1.8,2.6891975308641975
14,19,10,2,2,3,2,3,2,2,2,2,2,2,3.6666666666666665,2.466666666666667,2.4814814814814814,2.6,3.4,3.4,2.0,2.6,3.4,2.6,3.4,2.6,3.4,2.6,2.7145061728395063
15,13,22,5,1,4,1,1,1,4,2,4,1,5,3.857142857142857,3.2666666666666666,4.2592592592592595,5.0,4.2,4.2,1.0,4.2,4.2,4.2,3.4,4.2,4.2,5.0,2.8548500881834213
3,27,1,1,4,1,3,4,5,1,4,1,3,1,1.5714285714285714,1.4000000000000004,1.1481481481481481,1.8,1.7999999999999998,1.8,3.0,1.7999999999999998,1.0,1.8,1.7999999999999998,1.8,2.6,1.8,2.6799823633156965
19,11,27,3,1,4,2,2,2,3,1,5,1,4,4.619047619047619,3.533333333333333,5.0,3.4,4.2,4.2,2.0,3.4,3.4,3.4,4.2,5.0,4.2,4.2,2.692460317460317
6,29,5,1,5,2,3,5,4,2,5,1,3,2,2.142857142857143,1.1333333333333329,1.7407407407407407,1.8,1.0,2.6,3.0,1.0,1.7999999999999998,2.6,1.0,1.8,2.6,2.6,2.8951499118165787
5,2,10,5,3,3,1,0,1,5,1,4,0,5,1.9523809523809523,4.733333333333333,2.4814814814814814,5.0,2.6,3.4,1.0,5.0,4.2,5.0,4.2,4.2,5.0,5.0,1.968077601410935
16,12,23,5,1,4,2,2,2,4,2,4,1,4,4.0476190476190474,3.4,4.407407407407407,5.0,4.2,4.2,2.0,3.4,3.4,4.2,3.4,4.2,4.2,4.2,2.7439594356261026
2,27,7,1,4,2,3,4,4,1,5,1,3,1,1.380952380952381,1.4000000000000004,2.037037037037037,1.8,1.7999999999999998,2.6,3.0,1.7999999999999998,1.7999999999999998,1.8,1.0,1.8,2.6,1.8,2.742416225749559
13,18,13,3,2,3,2,2,3,3,2,3,2,2,3.4761904761904763,2.6,2.9259259259259256,3.4,3.4,3.4,2.0,3.4,2.6,3.4,3.4,3.4,3.4,2.6,2.75842151675485
9,17,10,2,2,3,2,2,2,3,3,2,2,2,2.7142857142857144,2.7333333333333334,2.4814814814814814,2.6,3.4,3.4,2.0,3.4,3.4,3.4,2.6,2.6,3.4,2.6,2.5748236331569663
18,6,22,3,1,3,2,1,1,3,2,4,1,5,4.428571428571429,4.2,4.2592592592592595,3.4,4.2,3.4,2.0,4.2,4.2,3.4,3.4,4.2,4.2,5.0,2.320326278659612
11,6,10,0,5,2,1,1,5,1,4,3,0,2,3.0952380952380953,4.2,2.4814814814814814,1.0,1.0,2.6,1.0,4.2,1.0,1.8,1.7999999999999998,3.4,5.0,2.6,1.482363315696649
1,25,3,1,5,1,4,4,4,1,4,1,3,1,1.1904761904761905,1.666666666666666,1.4444444444444444,1.8,1.0,1.8,4.0,1.7999999999999998,1.7999999999999998,1.8,1.7999999999999998,1.8,2.6,1.8,2.58478835978836
18,16,11,4,0,3,0,5,3,2,1,4,0,2,4.428571428571429,2.8666666666666667,2.6296296296296298,4.2,5.0,3.4,1.0,1.0,2.6,2.6,4.2,4.2,5.0,2.6,2.6440917107583775
5,26,3,1,4,2,3,5,4,2,5,1,3,2,1.9523809523809523,1.5333333333333332,1.4444444444444444,1.8,1.7999999999999998,2.6,3.0,1.0,1.7999999999999998,2.6,1.0,1.8,2.6,2.6,2.7082010582010585
20,15,22,5,1,3,2,2,1,3,2,4,1,4,4.809523809523809,3.0,4.2592592592592595,5.0,4.2,3.4,2.0,3.4,4.2,3.4,3.4,4.2,4.2,4.2,2.936199294532628
13,22,10,3,3,3,2,2,2,2,2,2,2,2,3.4761904761904763,2.066666666666667,2.4814814814814814,3.4,2.6,3.4,2.0,3.4,3.4,2.6,3.4,2.6,3.4,2.6,2.9399029982363314
12,23,13,2,2,2,3,3,2,2,2,3,3,2,3.2857142857142856,1.9333333333333336,2.9259259259259256,2.6,3.4,2.6,3.0,2.6,3.4,2.6,3.4,3.4,2.6,2.6,3.0254850088183423
8,30,19,1,4,2,5,4,2,4,0,0,0,5,2.5238095238095237,1.0,3.814814814814815,1.8,1.7999999999999998,2.6,5.0,1.7999999999999998,3.4,4.2,5.0,1.0,5.0,5.0,3.5807760141093476
0,28,4,1,5,2,4,5,5,1,5,1,3,1,1.0,1.2666666666666666,1.5925925925925926,1.8,1.0,2.6,4.0,1.0,1.0,1.8,1.0,1.8,2.6,1.8,2.716358024691358
20,6,25,5,1,3,2,1,2,4,2,5,1,5,4.809523809523809,4.2,4.703703703703704,5.0,4.2,3.4,2.0,4.2,3.4,4.2,3.4,5.0,4.2,5.0,2.454717813051146
10,16,9,3,2,2,3,2,3,3,3,3,3,2,2.9047619047619047,2.8666666666666667,2.333333333333333,3.4,3.4,2.6,3.0,3.4,2.6,3.4,2.6,3.4,2.6,2.6,2.5515873015873014
19,23,3,4,5,1,5,3,2,3,1,5,0,1,4.619047619047619,1.9333333333333336,1.4444444444444444,4.2,1.0,1.8,5.0,2.6,3.4,3.4,4.2,5.0,5.0,1.8,3.135978835978835
12,17,25,3,3,0,0,4,3,5,0,3,0,0,3.2857142857142856,2.7333333333333334,4.703703703703704,3.4,2.6,1.0,1.0,1.7999999999999998,2.6,5.0,5.0,3.4,5.0,1.0,2.5828924162257496
13,23,9,3,3,2,2,2,2,2,3,3,2,3,3.4761904761904763,1.9333333333333336,2.333333333333333,3.4,2.6,2.6,2.0,3.4,3.4,2.6,2.6,3.4,3.4,3.4,3.000396825396825
15,12,24,5,1,5,1,2,1,4,2,4,1,5,3.857142857142857,3.4,4.555555555555555,5.0,4.2,5.0,1.0,3.4,4.2,4.2,3.4,4.2,4.2,5.0,2.8005291005291006
10,18,9,2,3,3,2,2,3,3,2,3,3,3,2.9047619047619047,2.6,2.333333333333333,2.6,2.6,3.4,2.0,3.4,2.6,3.4,3.4,3.4,2.6,3.4,2.6765873015873014
13,15,12,2,2,2,3,2,2,2,2,3,2,2,3.4761904761904763,3.0,2.7777777777777777,2.6,3.4,2.6,3.0,3.4,3.4,2.6,3.4,3.4,3.4,2.6,2.527248677248677
7,29,5,1,4,1,3,4,5,1,5,1,3,2,2.333333333333333,1.1333333333333329,1.7407407407407407,1.8,1.7999999999999998,1.8,3.0,1.7999999999999998,1.0,1.8,1.0,1.8,2.6,2.6,2.8697530864197534
16,15,21,5,1,3,1,1,1,4,1,5,1,5,4.0476190476190474,3.0,4.111111111111111,5.0,4.2,3.4,1.0,4.2,4.2,4.2,4.2,5.0,4.2,5.0,3.0232804232804233
11,18,9,3,2,2,3,3,3,3,3,2,2,2,3.0952380952380953,2.6,2.333333333333333,3.4,3.4,2.6,3.0,2.6,2.6,3.4,2.6,2.6,3.4,2.6,2.6261904761904766
4,28,0,1,5,1,3,5,5,1,4,1,3,2,1.7619047619047619,1.2666666666666666,1.0,1.8,1.0,1.8,3.0,1.0,1.0,1.8,1.7999999999999998,1.8,2.6,2.6,2.715079365079365
6,28,8,1,4,2,3,4,5,1,4,1,3,1,2.142857142857143,1.2666666666666666,2.185185185185185,1.8,1.7999999999999998,2.6,3.0,1.7999999999999998,1.0,1.8,1.7999999999999998,1.8,2.6,1.8,2.8470017636684304
11,22,14,2,3,2,3,3,3,3,3,3,3,2,3.0952380952380953,2.066666666666667,3.074074074074074,2.6,2.6,2.6,3.0,2.6,2.6,3.4,2.6,3.4,2.6,2.6,2.890388007054674
9,17,13,2,2,3,3,2,2,3,3,3,3,3,2.7142857142857144,2.7333333333333334,2.9259259259259256,2.6,3.4,3.4,3.0,3.4,3.4,3.4,2.6,3.4,2.6,3.4,2.7016754850088183
7,25,8,1,5,1,4,4,4,2,4,1,3,1,2.333333333333333,1.666666666666666,2.185185185185185,1.8,1.0,1.8,4.0,1.7999999999999998,1.7999999999999998,2.6,1.7999999999999998,1.8,2.6,1.8,2.696604938271605
10,20,6,1,3,5,4,3,1,4,2,0,0,0,2.9047619047619047,2.3333333333333335,1.8888888888888888,1.8,2.6,5.0,4.0,2.6,4.2,4.2,3.4,1.0,5.0,1.0,2.7747354497354495
17,11,21,5,1,3,2,1,1,4,1,5,1,5,4.238095238095238,3.533333333333333,4.111111111111111,5.0,4.2,3.4,2.0,4.2,4.2,4.2,4.2,5.0,4.2,5.0,2.806216931216931
11,21,14,3,3,3,2,3,2,2,2,2,3,3,3.0952380952380953,2.2,3.074074074074074,3.4,2.6,3.4,2.0,2.6,3.4,2.6,3.4,2.6,2.6,3.4,2.88205467372134
19,14,19,4,1,5,2,2,1,5,2,4,1,5,4.619047619047619,3.1333333333333333,3.814814814814815,4.2,4.2,5.0,2.0,3.4,4.2,5.0,3.4,4.2,4.2,5.0,2.976410934744268
18,11,26,3,1,3,2,2,2,4,2,5,1,5,4.428571428571429,3.533333333333333,4.851851851851851,3.4,4.2,3.4,2.0,3.4,3.4,4.2,3.4,5.0,4.2,5.0,2.678350970017637
21,2,22,5,1,5,1,1,2,3,1,5,1,4,5.0,4.733333333333333,4.2592592592592595,5.0,4.2,5.0,1.0,4.2,3.4,3.4,4.2,5.0,4.2,4.2,2.169135802469136
19,14,24,3,1,4,1,1,1,5,2,4,1,5,4.619047619047619,3.1333333333333333,4.555555555555555,3.4,4.2,4.2,1.0,4.2,4.2,5.0,3.4,4.2,4.2,5.0,2.9322751322751324
6,30,7,1,5,1,4,4,4,1,4,1,3,2,2.142857142857143,1.0,2.037037037037037,1.8,1.0,1.8,4.0,1.7999999999999998,1.7999999999999998,1.8,1.7999999999999998,1.8,2.6,2.6,3.015828924162258
16,4,15,5,1,3,1,2,2,5,1,5,1,4,4.0476190476190474,4.466666666666667,3.2222222222222223,5.0,4.2,3.4,1.0,3.4,3.4,5.0,4.2,5.0,4.2,4.2,2.186243386243386
6,27,5,1,4,1,4,5,5,1,5,1,3,1,2.142857142857143,1.4000000000000004,1.7407407407407407,1.8,1.7999999999999998,1.8,4.0,1.0,1.0,1.8,1.0,1.8,2.6,1.8,2.703483245149912
7,27,8,1,4,2,3,4,5,2,4,1,3,2,2.333333333333333,1.4000000000000004,2.185185185185185,1.8,1.7999999999999998,2.6,3.0,1.7999999999999998,1.0,2.6,1.7999999999999998,1.8,2.6,2.6,2.8549382716049383
17,23,10,5,1,1,4,2,1,3,3,5,0,3,4.238095238095238,1.9333333333333336,2.4814814814814814,5.0,4.2,1.8,4.0,3.4,4.2,3.4,2.6,5.0,5.0,3.4,3.3549823633156963
12,21,12,2,3,3,3,3,3,3,3,2,2,3,3.2857142857142856,2.2,2.7777777777777777,2.6,2.6,3.4,3.0,2.6,2.6,3.4,2.6,2.6,3.4,3.4,2.852645502645503
5,30,3,1,5,1,3,4,5,2,4,1,3,1,1.9523809523809523,1.0,1.4444444444444444,1.8,1.0,1.8,3.0,1.7999999999999998,1.0,2.6,1.7999999999999998,1.8,2.6,1.8,2.9082010582010582
11,20,9,2,2,3,2,2,3,2,3,3,2,2,3.0952380952380953,2.3333333333333335,2.333333333333333,2.6,3.4,3.4,2.0,3.4,2.6,2.6,2.6,3.4,3.4,2.6,2.751190476190476
11,15,14,2,3,3,2,3,2,2,3,2,3,2,3.0952380952380953,3.0,3.074074074074074,2.6,2.6,3.4,2.0,2.6,3.4,2.6,2.6,2.6,2.6,2.6,2.38205467372134
8,29,6,1,5,2,3,5,4,1,5,1,3,2,2.5238095238095237,1.1333333333333329,1.8888888888888888,1.8,1.0,2.6,3.0,1.0,1.7999999999999998,1.8,1.0,1.8,2.6,2.6,2.883862433862434
12,17,13,3,2,3,2,2,3,2,2,3,2,3,3.2857142857142856,2.7333333333333334,2.9259259259259256,3.4,3.4,3.4,2.0,3.4,2.6,2.6,3.4,3.4,3.4,3.4,2.6838183421516755
7,26,0,1,5,2,3,5,4,2,4,1,3,1,2.333333333333333,1.5333333333333332,1.0,1.8,1.0,2.6,3.0,1.0,1.7999999999999998,2.6,1.7999999999999998,1.8,2.6,1.8,2.6722222222222225
10,24,10,2,2,2,2,3,2,3,3,2,2,3,2.9047619047619047,1.7999999999999998,2.4814814814814814,2.6,3.4,2.6,2.0,2.6,3.4,3.4,2.6,2.6,3.4,3.4,3.0160934744268078
14,30,9,2,5,1,4,3,5,0,0,4,1,2,3.6666666666666665,1.0,2.333333333333333,2.6,1.0,1.8,4.0,2.6,1.0,1.0,5.0,4.2,4.2,2.6,3.325
4,28,8,1,5,1,4,4,5,1,4,1,3,1,1.7619047619047619,1.2666666666666666,2.185185185185185,1.8,1.0,1.8,4.0,1.7999999999999998,1.0,1.8,1.7999999999999998,1.8,2.6,1.8,2.8061287477954147
8,26,8,1,5,2,3,5,4,2,5,1,3,1,2.5238095238095237,1.5333333333333332,2.185185185185185,1.8,1.0,2.6,3.0,1.0,1.7999999999999998,2.6,1.0,1.8,2.6,1.8,2.6962081128747797
15,11,24,4,1,3,2,1,1,3,2,4,1,4,3.857142857142857,3.533333333333333,4.555555555555555,4.2,4.2,3.4,2.0,4.2,4.2,3.4,3.4,4.2,4.2,4.2,2.6421957671957674
16,13,12,2,0,0,0,5,2,4,0,1,1,0,4.0476190476190474,3.2666666666666666,2.7777777777777777,2.6,5.0,1.0,1.0,1.0,3.4,4.2,5.0,1.8,4.2,1.0,2.234391534391534
0,30,0,1,5,2,4,5,5,2,4,1,3,2,1.0,1.0,1.0,1.8,1.0,2.6,4.0,1.0,1.0,2.6,1.7999999999999998,1.8,2.6,2.6,2.9250000000000003
9,18,13,2,2,2,3,2,3,2,2,2,2,3,2.7142857142857144,2.6,2.9259259259259256,2.6,3.4,2.6,3.0,3.4,2.6,2.6,3.4,2.6,3.4,3.4,2.668342151675485
14,16,12,3,3,2,2,2,2,3,3,2,2,2,3.6666666666666665,2.8666666666666667,2.7777777777777777,3.4,2.6,2.6,2.0,3.4,3.4,3.4,2.6,2.6,3.4,2.6,2.526851851851852
16,10,26,3,1,5,2,1,1,4,1,4,1,4,4.0476190476190474,3.666666666666667,4.851851851851851,3.4,4.2,5.0,2.0,4.2,4.2,4.2,4.2,4.2,4.2,4.2,2.6958112874779543
19,14,26,5,1,5,2,2,2,5,1,4,1,4,4.619047619047619,3.1333333333333333,4.851851851851851,5.0,4.2,5.0,2.0,3.4,3.4,5.0,4.2,4.2,4.2,4.2,3.019620811287478
9,19,10,2,2,3,3,2,3,2,3,3,3,3,2.7142857142857144,2.466666666666667,2.4814814814814814,2.6,3.4,3.4,3.0,3.4,2.6,2.6,2.6,3.4,2.6,3.4,2.749823633156966
10,24,12,2,3,2,2,2,2,2,2,3,3,3,2.9047619047619047,1.7999999999999998,2.7777777777777777,2.6,2.6,2.6,2.0,3.4,3.4,2.6,3.4,3.4,2.6,3.4,3.0617724867724867
2,25,4,1,5,1,4,5,4,1,5,1,3,2,1.380952380952381,1.666666666666666,1.5925925925925926,1.8,1.0,1.8,4.0,1.0,1.7999999999999998,1.8,1.0,1.8,2.6,2.6,2.5655643738977076
17,3,16,3,1,4,2,1,2,4,2,4,1,4,4.238095238095238,4.6,3.3703703703703702,3.4,4.2,4.2,2.0,4.2,3.4,4.2,3.4,4.2,4.2,4.2,2.075352733686067
8,30,2,1,4,1,4,5,4,2,4,1,3,1,2.5238095238095237,1.0,1.2962962962962963,1.8,1.7999999999999998,1.8,4.0,1.0,1.7999999999999998,2.6,1.7999999999999998,1.8,2.6,1.8,3.0008377425044093
13,25,13,3,3,2,2,3,2,3,2,2,3,3,3.4761904761904763,1.666666666666666,2.9259259259259256,3.4,2.6,2.6,2.0,2.6,3.4,3.4,3.4,2.6,2.6,3.4,3.15842151675485
13,22,11,3,2,2,3,3,2,2,2,3,2,2,3.4761904761904763,2.066666666666667,2.6296296296296298,3.4,3.4,2.6,3.0,2.6,3.4,2.6,3.4,3.4,3.4,2.6,2.987742504409171
5,8,8,1,3,3,5,5,2,2,3,3,1,1,1.9523809523809523,3.9333333333333336,2.185185185185185,1.8,2.6,3.4,5.0,1.0,3.4,2.6,2.6,3.4,4.2,1.8,1.8557319223985889
19,0,27,5,1,3,2,1,1,4,2,4,1,4,4.619047619047619,5.0,5.0,5.0,4.2,3.4,2.0,4.2,4.2,4.2,3.4,4.2,4.2,4.2,2.025793650793651
5,25,3,1,4,2,4,4,4,1,4,1,3,2,1.9523809523809523,1.666666666666666,1.4444444444444444,1.8,1.7999999999999998,2.6,4.0,1.7999999999999998,1.7999999999999998,1.8,1.7999999999999998,1.8,2.6,2.6,2.716534391534392
18,26,18,5,5,0,4,5,2,1,0,5,0,1,4.428571428571429,1.5333333333333332,3.6666666666666665,5.0,1.0,1.0,4.0,1.0,3.4,1.8,5.0,5.0,5.0,1.8,3.2789682539682534
10,20,14,2,3,3,2,2,3,3,2,3,3,3,2.9047619047619047,2.3333333333333335,3.074074074074074,2.6,2.6,3.4,2.0,3.4,2.6,3.4,3.4,3.4,2.6,3.4,2.840784832451499
6,29,4,1,4,1,3,5,4,1,5,1,3,1,2.142857142857143,1.1333333333333329,1.5925925925925926,1.8,1.7999999999999998,1.8,3.0,1.0,1.7999999999999998,1.8,1.0,1.8,2.6,1.8,2.8223104056437394
7,11,9,3,2,3,0,1,2,2,4,2,0,3,2.333333333333333,3.533333333333333,2.333333333333333,3.4,3.4,3.4,1.0,4.2,3.4,2.6,1.7999999999999998,2.6,5.0,3.4,2.144444444444445
13,23,11,3,3,3,3,2,3,3,2,2,3,3,3.4761904761904763,1.9333333333333336,2.6296296296296298,3.4,2.6,3.4,3.0,3.4,2.6,3.4,3.4,2.6,2.6,3.4,3.087742504409171
4,28,7,1,5,2,4,5,5,1,5,1,3,2,1.7619047619047619,1.2666666666666666,2.037037037037037,1.8,1.0,2.6,4.0,1.0,1.0,1.8,1.0,1.8,2.6,2.6,2.799955908289242
20,14,15,5,1,4,2,2,2,4,2,5,1,5,4.809523809523809,3.1333333333333333,3.2222222222222223,5.0,4.2,4.2,2.0,3.4,3.4,4.2,3.4,5.0,4.2,5.0,2.9263227513227514
0,25,1,1,4,2,4,5,4,1,4,1,3,2,1.0,1.666666666666666,1.1481481481481481,1.8,1.7999999999999998,2.6,4.0,1.0,1.7999999999999998,1.8,1.7999999999999998,1.8,2.6,2.6,2.6311728395061733
7,25,4,1,5,2,3,5,5,1,4,1,3,1,2.333333333333333,1.666666666666666,1.5925925925925926,1.8,1.0,2.6,3.0,1.0,1.0,1.8,1.7999999999999998,1.8,2.6,1.8,2.5635802469135807
1,24,19,3,2,4,5,2,4,5,1,2,1,0,1.1904761904761905,1.7999999999999998,3.814814814814815,3.4,3.4,4.2,5.0,3.4,1.7999999999999998,5.0,4.2,2.6,4.2,1.0,3.225220458553792
0,25,0,1,4,1,3,4,4,1,4,1,3,2,1.0,1.666666666666666,1.0,1.8,1.7999999999999998,1.8,3.0,1.7999999999999998,1.7999999999999998,1.8,1.7999999999999998,1.8,2.6,2.6,2.583333333333334
12,24,9,2,2,2,2,2,2,2,3,2,2,3,3.2857142857142856,1.7999999999999998,2.333333333333333,2.6,3.4,2.6,2.0,3.4,3.4,2.6,2.6,2.6,3.4,3.4,3.025793650793651
7,29,3,1,4,1,3,4,4,1,5,1,3,2,2.333333333333333,1.1333333333333329,1.4444444444444444,1.8,1.7999999999999998,1.8,3.0,1.7999999999999998,1.7999999999999998,1.8,1.0,1.8,2.6,2.6,2.8907407407407413
20,1,19,5,1,3,2,1,1,3,1,4,1,4,4.809523809523809,4.866666666666667,3.814814814814815,5.0,4.2,3.4,2.0,4.2,4.2,3.4,4.2,4.2,4.2,4.2,2.0510141093474425
1,26,3,1,4,2,4,4,5,2,4,1,3,1,1.1904761904761905,1.5333333333333332,1.4444444444444444,1.8,1.7999999999999998,2.6,4.0,1.7999999999999998,1.0,2.6,1.7999999999999998,1.8,2.6,1.8,2.7181216931216934
5,1,18,4,3,2,0,0,1,0,0,3,1,2,1.9523809523809523,4.866666666666667,3.6666666666666665,4.2,2.6,2.6,1.0,5.0,4.2,1.0,5.0,3.4,4.2,2.6,1.6174603174603173
14,15,12,3,3,2,3,2,3,3,2,2,3,2,3.6666666666666665,3.0,2.7777777777777777,3.4,2.6,2.6,3.0,3.4,2.6,3.4,3.4,2.6,2.6,2.6,2.5018518518518515
19,2,18,4,1,5,1,2,1,3,1,5,1,5,4.619047619047619,4.733333333333333,3.6666666666666665,4.2,4.2,5.0,1.0,3.4,4.2,3.4,4.2,5.0,4.2,5.0,2.1285714285714286
5,15,7,0,1,3,5,1,1,1,4,3,1,2,1.9523809523809523,3.0,2.037037037037037,1.0,4.2,3.4,5.0,4.2,4.2,1.8,1.7999999999999998,3.4,4.2,2.6,2.4828924162257495
19,15,27,5,1,5,2,2,2,5,1,4,1,4,4.619047619047619,3.0,5.0,5.0,4.2,5.0,2.0,3.4,3.4,5.0,4.2,4.2,4.2,4.2,3.092460317460318
11,18,13,3,2,3,3,3,2,3,2,2,3,2,3.0952380952380953,2.6,2.9259259259259256,3.4,3.4,3.4,3.0,2.6,3.4,3.4,3.4,2.6,2.6,2.6,2.7508818342151677
9,22,13,2,2,3,3,2,3,2,3,2,3,3,2.7142857142857144,2.066666666666667,2.9259259259259256,2.6,3.4,3.4,3.0,3.4,2.6,2.6,2.6,2.6,2.6,3.4,2.935008818342152
19,6,18,3,1,4,1,2,2,4,1,5,1,5,4.619047619047619,4.2,3.6666666666666665,3.4,4.2,4.2,1.0,3.4,3.4,4.2,4.2,5.0,4.2,5.0,2.3285714285714283
4,11,20,5,1,5,3,1,2,5,1,3,1,5,1.7619047619047619,3.533333333333333,3.962962962962963,5.0,4.2,5.0,3.0,4.2,3.4,5.0,4.2,3.4,4.2,5.0,2.7385361552028216
11,18,10,2,3,2,3,2,3,2,2,3,3,2,3.0952380952380953,2.6,2.4814814814814814,2.6,2.6,2.6,3.0,3.4,2.6,2.6,3.4,3.4,2.6,2.6,2.632363315696649
7,25,2,1,5,2,4,4,4,2,5,1,3,1,2.333333333333333,1.666666666666666,1.2962962962962963,1.8,1.0,2.6,4.0,1.7999999999999998,1.7999999999999998,2.6,1.0,1.8,2.6,1.8,2.6595679012345683
5,25,6,1,4,2,4,4,4,2,4,1,3,2,1.9523809523809523,1.666666666666666,1.8888888888888888,1.8,1.7999999999999998,2.6,4.0,1.7999999999999998,1.7999999999999998,2.6,1.7999999999999998,1.8,2.6,2.6,2.768386243386244
20,5,19,4,1,4,1,2,2,4,1,4,1,5,4.809523809523809,4.333333333333334,3.814814814814815,4.2,4.2,4.2,1.0,3.4,3.4,4.2,4.2,4.2,4.2,5.0,2.276014109347442
21,7,23,5,1,3,1,1,2,4,2,4,1,4,5.0,4.066666666666666,4.407407407407407,5.0,4.2,3.4,1.0,4.2,3.4,4.2,3.4,4.2,4.2,4.2,2.408641975308642
13,17,11,3,3,3,3,2,2,3,3,2,3,2,3.4761904761904763,2.7333333333333334,2.6296296296296298,3.4,2.6,3.4,3.0,3.4,3.4,3.4,2.6,2.6,2.6,2.6,2.6544091710758377
0,27,4,1,4,2,3,5,5,2,4,1,3,1,1.0,1.4000000000000004,1.5925925925925926,1.8,1.7999999999999998,2.6,3.0,1.0,1.0,2.6,1.7999999999999998,1.8,2.6,1.8,2.7080246913580246
2,29,1,1,4,1,3,5,5,1,5,1,3,1,1.380952380952381,1.1333333333333329,1.1481481481481481,1.8,1.7999999999999998,1.8,3.0,1.0,1.0,1.8,1.0,1.8,2.6,1.8,2.7387125220458555
19,27,1,0,5,4,4,0,0,2,2,2,1,5,4.619047619047619,1.4000000000000004,1.1481481481481481,1.0,1.0,4.2,4.0,5.0,5.0,2.6,3.4,2.6,4.2,5.0,3.4486331569664905
2,15,17,0,5,3,0,0,2,0,0,0,1,3,1.380952380952381,3.0,3.5185185185185186,1.0,1.0,3.4,1.0,5.0,3.4,1.0,5.0,1.0,4.2,3.4,2.254144620811287
12,22,13,2,2,2,2,3,3,3,3,3,3,2,3.2857142857142856,2.066666666666667,2.9259259259259256,2.6,3.4,2.6,2.0,2.6,2.6,3.4,2.6,3.4,2.6,2.6,2.8838183421516757
2,27,8,1,5,2,4,5,5,2,4,1,3,1,1.380952380952381,1.4000000000000004,2.185185185185185,1.8,1.0,2.6,4.0,1.0,1.0,2.6,1.7999999999999998,1.8,2.6,1.8,2.756922398589065
9,16,10,2,3,3,3,3,3,3,2,2,2,3,2.7142857142857144,2.8666666666666667,2.4814814814814814,2.6,2.6,3.4,3.0,2.6,2.6,3.4,3.4,2.6,3.4,3.4,2.516490299823633
9,25,11,2,2,2,2,3,2,2,2,2,2,2,2.7142857142857144,1.666666666666666,2.6296296296296298,2.6,3.4,2.6,2.0,2.6,3.4,2.6,3.4,2.6,3.4,2.6,3.0476631393298064
13,22,9,2,2,3,3,2,2,2,2,3,3,2,3.4761904761904763,2.066666666666667,2.333333333333333,2.6,3.4,3.4,3.0,3.4,3.4,2.6,3.4,3.4,2.6,2.6,3.0087301587301587
1,29,4,1,5,1,3,4,5,2,5,1,3,1,1.1904761904761905,1.1333333333333329,1.5925925925925926,1.8,1.0,1.8,3.0,1.7999999999999998,1.0,2.6,1.0,1.8,2.6,1.8,2.7826278659612
1,30,3,1,4,2,3,5,5,1,5,1,3,1,1.1904761904761905,1.0,1.4444444444444444,1.8,1.7999999999999998,2.6,3.0,1.0,1.0,1.8,1.0,1.8,2.6,1.8,2.8431216931216934
11,25,10,2,3,2,2,2,3,3,3,3,3,2,3.0952380952380953,1.666666666666666,2.4814814814814814,2.6,2.6,2.6,2.0,3.4,2.6,3.4,2.6,3.4,2.6,2.6,3.057363315696649
20,15,26,4,1,4,2,2,1,5,1,4,1,5,4.809523809523809,3.0,4.851851851851851,4.2,4.2,4.2,2.0,3.4,4.2,5.0,4.2,4.2,4.2,5.0,3.0942239858906526
11,19,10,2,3,2,2,3,3,3,3,2,2,3,3.0952380952380953,2.466666666666667,2.4814814814814814,2.6,2.6,2.6,2.0,2.6,2.6,3.4,2.6,2.6,3.4,3.4,2.624029982363316
9,23,14,3,3,2,3,3,2,2,3,2,2,2,2.7142857142857144,1.9333333333333336,3.074074074074074,3.4,2.6,2.6,3.0,2.6,3.4,2.6,2.6,2.6,3.4,2.6,2.9411816578483245
14,19,14,2,3,2,3,3,2,3,3,3,3,3,3.6666666666666665,2.466666666666667,3.074074074074074,2.6,2.6,2.6,3.0,2.6,3.4,3.4,2.6,3.4,2.6,3.4,2.780864197530864
13,17,14,3,3,2,2,2,2,3,3,3,2,2,3.4761904761904763,2.7333333333333334,3.074074074074074,3.4,2.6,2.6,2.0,3.4,3.4,3.4,2.6,3.4,3.4,2.6,2.6312610229276894
4,29,3,1,5,1,3,4,5,1,5,1,3,2,1.7619047619047619,1.1333333333333329,1.4444444444444444,1.8,1.0,1.8,3.0,1.7999999999999998,1.0,1.8,1.0,1.8,2.6,2.6,2.8002645502645507
11,24,12,2,3,2,3,2,2,2,2,2,3,3,3.0952380952380953,1.7999999999999998,2.7777777777777777,2.6,2.6,2.6,3.0,3.4,3.4,2.6,3.4,2.6,2.6,3.4,3.078042328042328
12,17,12,2,2,3,3,3,2,2,3,2,3,3,3.2857142857142856,2.7333333333333334,2.7777777777777777,2.6,3.4,3.4,3.0,2.6,3.4,2.6,2.6,2.6,2.6,3.4,2.6193121693121695
2,30,8,1,5,1,3,5,4,2,5,1,3,2,1.380952380952381,1.0,2.185185185185185,1.8,1.0,1.8,3.0,1.0,1.7999999999999998,2.6,1.0,1.8,2.6,2.6,2.915255731922399
13,15,13,3,3,3,2,2,3,3,2,2,3,3,3.4761904761904763,3.0,2.9259259259259256,3.4,2.6,3.4,2.0,3.4,2.6,3.4,3.4,2.6,2.6,3.4,2.5250881834215164
10,22,10,3,2,2,3,3,2,2,3,2,2,2,2.9047619047619047,2.066666666666667,2.4814814814814814,3.4,3.4,2.6,3.0,2.6,3.4,2.6,2.6,2.6,3.4,2.6,2.8910934744268078
10,22,11,2,3,2,2,2,2,2,3,2,2,2,2.9047619047619047,2.066666666666667,2.6296296296296298,2.6,2.6,2.6,2.0,3.4,3.4,2.6,2.6,2.6,3.4,2.6,2.822266313932981
0,26,4,1,5,2,3,4,5,1,5,1,3,1,1.0,1.5333333333333332,1.5925925925925926,1.8,1.0,2.6,3.0,1.7999999999999998,1.0,1.8,1.0,1.8,2.6,1.8,2.5746913580246913
10,25,14,3,2,2,3,3,2,3,2,3,2,2,2.9047619047619047,1.666666666666666,3.074074074074074,3.4,3.4,2.6,3.0,2.6,3.4,3.4,3.4,3.4,3.4,2.6,3.215784832451499
3,28,3,1,4,1,4,4,4,2,4,1,3,2,1.5714285714285714,1.2666666666666666,1.4444444444444444,1.8,1.7999999999999998,1.8,4.0,1.7999999999999998,1.7999999999999998,2.6,1.7999999999999998,1.8,2.6,2.6,2.900661375661376
19,13,25,3,1,5,1,1,1,3,2,5,1,4,4.619047619047619,3.2666666666666666,4.703703703703704,3.4,4.2,5.0,1.0,4.2,4.2,3.4,3.4,5.0,4.2,4.2,2.838447971781305
4,30,5,2,4,4,4,1,2,0,4,5,0,5,1.7619047619047619,1.0,1.7407407407407407,2.6,1.7999999999999998,4.2,4.0,4.2,3.4,1.0,1.7999999999999998,5.0,5.0,5.0,3.5209435626102294
15,6,26,3,1,4,1,2,1,4,1,5,1,5,3.857142857142857,4.2,4.851851851851851,3.4,4.2,4.2,1.0,3.4,4.2,4.2,4.2,5.0,4.2,5.0,2.379541446208113
11,5,10,2,5,1,1,0,2,4,1,1,1,3,3.0952380952380953,4.333333333333334,2.4814814814814814,2.6,1.0,1.8,1.0,5.0,3.4,4.2,4.2,1.8,4.2,3.4,1.7490299823633153
20,2,22,3,1,5,2,2,1,3,1,5,1,4,4.809523809523809,4.733333333333333,4.2592592592592595,3.4,4.2,5.0,2.0,3.4,4.2,3.4,4.2,5.0,4.2,4.2,2.136199294532628
10,24,14,3,2,3,3,2,2,2,2,2,2,2,2.9047619047619047,1.7999999999999998,3.074074074074074,3.4,3.4,3.4,3.0,3.4,3.4,2.6,3.4,2.6,3.4,2.6,3.1491181657848326
6,29,0,0,2,0,3,0,2,5,2,0,1,4,2.142857142857143,1.1333333333333329,1.0,1.0,3.4,1.0,3.0,5.0,3.4,5.0,3.4,1.0,4.2,4.2,3.3309523809523816
0,26,3,1,4,1,3,4,5,1,5,1,3,2,1.0,1.5333333333333332,1.4444444444444444,1.8,1.7999999999999998,1.8,3.0,1.7999999999999998,1.0,1.8,1.0,1.8,2.6,2.6,2.601851851851852
10,21,9,2,2,3,2,3,2,3,3,2,3,3,2.9047619047619047,2.2,2.333333333333333,2.6,3.4,3.4,2.0,2.6,3.4,3.4,2.6,2.6,2.6,3.4,2.8432539682539684
5,30,2,1,4,1,3,4,4,1,4,1,3,1,1.9523809523809523,1.0,1.2962962962962963,1.8,1.7999999999999998,1.8,3.0,1.7999999999999998,1.7999999999999998,1.8,1.7999999999999998,1.8,2.6,1.8,2.935361552028219
21,7,25,5,1,3,2,1,2,3,1,4,1,5,5.0,4.066666666666666,4.703703703703704,5.0,4.2,3.4,2.0,4.2,3.4,3.4,4.2,4.2,4.2,5.0,2.495987654320988
17,10,22,4,1,3,1,1,1,5,1,5,1,5,4.238095238095238,3.666666666666667,4.2592592592592595,4.2,4.2,3.4,1.0,4.2,4.2,5.0,4.2,5.0,4.2,5.0,2.7040564373897706
5,30,3,1,5,1,4,5,5,2,5,1,3,1,1.9523809523809523,1.0,1.4444444444444444,1.8,1.0,1.8,4.0,1.0,1.0,2.6,1.0,1.8,2.6,1.8,2.8832010582010583
18,10,23,3,1,5,1,2,2,4,1,4,1,4,4.428571428571429,3.666666666666667,4.407407407407407,3.4,4.2,5.0,1.0,3.4,3.4,4.2,4.2,4.2,4.2,4.2,2.5848324514991186
9,16,13,3,3,2,2,3,2,2,3,3,3,2,2.7142857142857144,2.8666666666666667,2.9259259259259256,3.4,2.6,2.6,2.0,2.6,3.4,2.6,2.6,3.4,2.6,2.6,2.4600088183421516
2,27,0,1,4,1,4,5,4,2,4,1,3,2,1.380952380952381,1.4000000000000004,1.0,1.8,1.7999999999999998,1.8,4.0,1.0,1.7999999999999998,2.6,1.7999999999999998,1.8,2.6,2.6,2.774206349206349
3,26,8,1,4,1,4,5,4,2,4,1,3,1,1.5714285714285714,1.5333333333333332,2.185185185185185,1.8,1.7999999999999998,1.8,4.0,1.0,1.7999999999999998,2.6,1.7999999999999998,1.8,2.6,1.8,2.73152557319224
6,16,11,3,3,5,0,5,5,4,4,1,1,2,2.142857142857143,2.8666666666666667,2.6296296296296298,3.4,2.6,5.0,1.0,1.0,1.0,4.2,1.7999999999999998,1.8,4.2,2.6,2.2821869488536155
9,29,26,5,0,2,0,0,1,4,0,0,1,5,2.7142857142857144,1.1333333333333329,4.851851851851851,5.0,5.0,2.6,1.0,5.0,4.2,4.2,5.0,1.0,4.2,5.0,3.8319223985890654
7,25,8,1,5,2,3,4,4,2,4,1,3,2,2.333333333333333,1.666666666666666,2.185185185185185,1.8,1.0,2.6,3.0,1.7999999999999998,1.7999999999999998,2.6,1.7999999999999998,1.8,2.6,2.6,2.7216049382716054
6,30,6,1,5,1,4,4,5,1,5,1,3,2,2.142857142857143,1.0,1.8888888888888888,1.8,1.0,1.8,4.0,1.7999999999999998,1.0,1.8,1.0,1.8,2.6,2.6,2.942989417989418
8,25,5,1,4,2,4,4,4,1,4,1,3,1,2.5238095238095237,1.666666666666666,1.7407407407407407,1.8,1.7999999999999998,2.6,4.0,1.7999999999999998,1.7999999999999998,1.8,1.7999999999999998,1.8,2.6,1.8,2.719356261022928
8,28,5,1,5,2,3,5,4,1,5,1,3,1,2.5238095238095237,1.2666666666666666,1.7407407407407407,1.8,1.0,2.6,3.0,1.0,1.7999999999999998,1.8,1.0,1.8,2.6,1.8,2.777689594356261
1,27,6,1,4,1,4,5,5,1,5,1,3,1,1.1904761904761905,1.4000000000000004,1.8888888888888888,1.8,1.7999999999999998,1.8,4.0,1.0,1.0,1.8,1.0,1.8,2.6,1.8,2.6699735449735447
13,17,10,2,3,2,2,3,2,2,2,2,2,3,3.4761904761904763,2.7333333333333334,2.4814814814814814,2.6,2.6,2.6,2.0,2.6,3.4,2.6,3.4,2.6,3.4,3.4,2.5399029982363315
21,8,26,4,1,5,2,2,1,3,1,4,1,4,5.0,3.9333333333333336,4.851851851851851,4.2,4.2,5.0,2.0,3.4,4.2,3.4,4.2,4.2,4.2,4.2,2.5688271604938273
2,25,1,1,4,2,4,4,5,1,5,1,3,2,1.380952380952381,1.666666666666666,1.1481481481481481,1.8,1.7999999999999998,2.6,4.0,1.7999999999999998,1.0,1.8,1.0,1.8,2.6,2.6,2.613712522045856
9,16,13,3,3,2,2,2,3,2,2,3,2,2,2.7142857142857144,2.8666666666666667,2.9259259259259256,3.4,2.6,2.6,2.0,3.4,2.6,2.6,3.4,3.4,3.4,2.6,2.493342151675485
11,23,12,2,2,3,3,2,3,2,3,2,3,2,3.0952380952380953,1.9333333333333336,2.7777777777777777,2.6,3.4,3.4,3.0,3.4,2.6,2.6,2.6,2.6,2.6,2.6,2.978042328042328
10,20,9,3,2,2,3,2,2,2,2,2,3,3,2.9047619047619047,2.3333333333333335,2.333333333333333,3.4,3.4,2.6,3.0,3.4,3.4,2.6,3.4,2.6,2.6,3.4,2.8515873015873012
21,11,22,4,1,5,2,1,2,3,1,5,1,5,5.0,3.533333333333333,4.2592592592592595,4.2,4.2,5.0,2.0,4.2,3.4,3.4,4.2,5.0,4.2,5.0,2.8108024691358025
17,13,23,3,1,5,1,2,1,3,2,4,1,4,4.238095238095238,3.2666666666666666,4.407407407407407,3.4,4.2,5.0,1.0,3.4,4.2,3.4,3.4,4.2,4.2,4.2,2.743562610229277
0,25,2,1,5,2,4,5,5,2,4,1,3,2,1.0,1.666666666666666,1.2962962962962963,1.8,1.0,2.6,4.0,1.0,1.0,2.6,1.7999999999999998,1.8,2.6,2.6,2.604012345679013
6,26,7,1,4,1,3,5,5,2,4,1,3,1,2.142857142857143,1.5333333333333332,2.037037037037037,1.8,1.7999999999999998,1.8,3.0,1.0,1.0,2.6,1.7999999999999998,1.8,2.6,1.8,2.674162257495591
10,15,10,2,2,3,3,3,2,3,3,3,2,2,2.9047619047619047,3.0,2.4814814814814814,2.6,3.4,3.4,3.0,2.6,3.4,3.4,2.6,3.4,3.4,2.6,2.4910934744268074
10,18,12,2,2,2,3,3,2,2,3,2,2,2,2.9047619047619047,2.6,2.7777777777777777,2.6,3.4,2.6,3.0,2.6,3.4,2.6,2.6,2.6,3.4,2.6,2.6034391534391537
7,25,8,1,5,1,3,5,5,2,5,1,3,1,2.333333333333333,1.666666666666666,2.185185185185185,1.8,1.0,1.8,3.0,1.0,1.0,2.6,1.0,1.8,2.6,1.8,2.5549382716049385
12,17,5,2,2,4,3,0,0,5,1,5,1,0,3.2857142857142856,2.7333333333333334,1.7407407407407407,2.6,3.4,4.2,3.0,5.0,5.0,5.0,4.2,5.0,4.2,1.0,2.942768959435626
1,11,8,0,4,2,1,5,2,4,1,1,1,4,1.1904761904761905,3.533333333333333,2.185185185185185,1.0,1.7999999999999998,2.6,1.0,1.0,3.4,4.2,4.2,1.8,4.2,4.2,1.9239858906525573
10,18,10,3,3,2,3,2,3,3,3,3,3,3,2.9047619047619047,2.6,2.4814814814814814,3.4,2.6,2.6,3.0,3.4,2.6,3.4,2.6,3.4,2.6,3.4,2.6910934744268076
8,26,2,1,5,2,4,5,5,2,4,1,3,1,2.5238095238095237,1.5333333333333332,1.2962962962962963,1.8,1.0,2.6,4.0,1.0,1.0,2.6,1.7999999999999998,1.8,2.6,1.8,2.7008377425044094
7,26,2,1,4,1,3,4,5,2,4,1,3,1,2.333333333333333,1.5333333333333332,1.2962962962962963,1.8,1.7999999999999998,1.8,3.0,1.7999999999999998,1.0,2.6,1.7999999999999998,1.8,2.6,1.8,2.6845679012345682
14,24,11,2,3,2,2,2,3,2,2,2,3,3,3.6666666666666665,1.7999999999999998,2.6296296296296298,2.6,2.6,2.6,2.0,3.4,2.6,2.6,3.4,2.6,2.6,3.4,3.020679012345679
14,17,13,3,2,3,2,2,3,3,2,3,2,3,3.6666666666666665,2.7333333333333334,2.9259259259259256,3.4,3.4,3.4,2.0,3.4,2.6,3.4,3.4,3.4,3.4,3.4,2.7330246913580245
2,6,27,5,5,4,5,5,1,5,2,4,1,5,1.380952380952381,4.2,5.0,5.0,1.0,4.2,5.0,1.0,4.2,5.0,3.4,4.2,4.2,5.0,2.249206349206349
9,21,12,2,3,3,2,3,3,3,2,3,3,3,2.7142857142857144,2.2,2.7777777777777777,2.6,2.6,3.4,2.0,2.6,2.6,3.4,3.4,3.4,2.6,3.4,2.8538359788359786
21,11,16,5,1,3,1,1,2,5,1,4,1,4,5.0,3.533333333333333,3.3703703703703702,5.0,4.2,3.4,1.0,4.2,3.4,5.0,4.2,4.2,4.2,4.2,2.6987654320987655
1,20,19,2,2,2,4,3,4,3,3,1,1,5,1.1904761904761905,2.3333333333333335,3.814814814814815,2.6,3.4,2.6,4.0,2.6,1.7999999999999998,3.4,2.6,1.8,4.2,5.0,2.783553791887125
11,23,12,2,3,3,2,2,3,3,2,3,3,3,3.0952380952380953,1.9333333333333336,2.7777777777777777,2.6,2.6,3.4,2.0,3.4,2.6,3.4,3.4,3.4,2.6,3.4,3.0363756613756614
15,0,27,3,1,5,2,1,1,4,2,4,1,4,3.857142857142857,5.0,5.0,3.4,4.2,5.0,2.0,4.2,4.2,4.2,3.4,4.2,4.2,4.2,1.9940476190476193
7,26,0,1,5,2,3,5,5,1,4,1,3,2,2.333333333333333,1.5333333333333332,1.0,1.8,1.0,2.6,3.0,1.0,1.0,1.8,1.7999999999999998,1.8,2.6,2.6,2.638888888888889
14,15,10,2,2,2,3,2,2,3,2,3,2,3,3.6666666666666665,3.0,2.4814814814814814,2.6,3.4,2.6,3.0,3.4,3.4,3.4,3.4,3.4,3.4,3.4,2.5895061728395055
7,25,0,1,5,1,4,5,4,2,5,1,3,1,2.333333333333333,1.666666666666666,1.0,1.8,1.0,1.8,4.0,1.0,1.7999999999999998,2.6,1.0,1.8,2.6,1.8,2.580555555555556
11,15,11,2,2,2,3,3,2,2,2,3,3,2,3.0952380952380953,3.0,2.6296296296296298,2.6,3.4,2.6,3.0,2.6,3.4,2.6,3.4,3.4,2.6,2.6,2.4718694885361554
4,27,5,1,4,1,4,4,4,2,5,1,3,1,1.7619047619047619,1.4000000000000004,1.7407407407407407,1.8,1.7999999999999998,1.8,4.0,1.7999999999999998,1.7999999999999998,2.6,1.0,1.8,2.6,1.8,2.787610229276896
16,9,17,3,1,4,1,1,1,3,1,5,1,5,4.0476190476190474,3.8,3.5185185185185186,3.4,4.2,4.2,1.0,4.2,4.2,3.4,4.2,5.0,4.2,5.0,2.5319223985890655
21,8,27,4,1,5,1,2,1,5,2,5,1,4,5.0,3.9333333333333336,5.0,4.2,4.2,5.0,1.0,3.4,4.2,5.0,3.4,5.0,4.2,4.2,2.6
3,26,1,1,5,2,3,5,4,1,5,1,3,2,1.5714285714285714,1.5333333333333332,1.1481481481481481,1.8,1.0,2.6,3.0,1.0,1.7999999999999998,1.8,1.0,1.8,2.6,2.6,2.61331569664903
16,11,21,5,1,5,1,2,2,3,2,5,1,4,4.0476190476190474,3.533333333333333,4.111111111111111,5.0,4.2,5.0,1.0,3.4,3.4,3.4,3.4,5.0,4.2,4.2,2.6566137566137566
0,27,0,4,3,2,3,0,0,3,3,5,0,5,1.0,1.4000000000000004,1.0,4.2,2.6,2.6,3.0,5.0,5.0,3.4,2.6,5.0,5.0,5.0,3.4833333333333334
12,1,4,2,5,4,1,0,5,1,0,4,0,5,3.2857142857142856,4.866666666666667,1.5925925925925926,2.6,1.0,4.2,1.0,5.0,1.0,1.8,5.0,4.2,5.0,5.0,1.5532627865961197
6,21,16,1,5,5,1,1,4,4,1,5,1,0,2.142857142857143,2.2,3.3703703703703702,1.8,1.0,5.0,1.0,4.2,1.7999999999999998,4.2,4.2,5.0,4.2,1.0,2.8463844797178126
7,27,5,1,5,1,4,4,4,1,5,1,3,1,2.333333333333333,1.4000000000000004,1.7407407407407407,1.8,1.0,1.8,4.0,1.7999999999999998,1.7999999999999998,1.8,1.0,1.8,2.6,1.8,2.744753086419753
8,25,5,1,5,1,3,4,5,1,4,1,3,2,2.5238095238095237,1.666666666666666,1.7407407407407407,1.8,1.0,1.8,3.0,1.7999999999999998,1.0,1.8,1.7999999999999998,1.8,2.6,2.6,2.6110229276895947
0,25,8,1,4,1,3,5,5,2,4,1,3,2,1.0,1.666666666666666,2.185185185185185,1.8,1.7999999999999998,1.8,3.0,1.0,1.0,2.6,1.7999999999999998,1.8,2.6,2.6,2.599382716049383
13,21,14,2,2,3,3,2,3,2,3,3,3,2,3.4761904761904763,2.2,3.074074074074074,2.6,3.4,3.4,3.0,3.4,2.6,2.6,2.6,3.4,2.6,2.6,2.9062610229276897
1,30,0,1,4,1,3,4,4,2,4,1,3,2,1.1904761904761905,1.0,1.0,1.8,1.7999999999999998,1.8,3.0,1.7999999999999998,1.7999999999999998,2.6,1.7999999999999998,1.8,2.6,2.6,2.957936507936508
18,8,19,3,1,4,1,1,2,3,2,4,1,4,4.428571428571429,3.9333333333333336,3.814814814814815,3.4,4.2,4.2,1.0,4.2,3.4,3.4,3.4,4.2,4.2,4.2,2.360141093474427
15,13,22,5,1,4,1,1,2,4,1,4,1,5,3.857142857142857,3.2666666666666666,4.2592592592592595,5.0,4.2,4.2,1.0,4.2,3.4,4.2,4.2,4.2,4.2,5.0,2.854850088183422
19,1,17,4,1,3,1,1,1,5,2,5,1,5,4.619047619047619,4.866666666666667,3.5185185185185186,4.2,4.2,3.4,1.0,4.2,4.2,5.0,3.4,5.0,4.2,5.0,2.0557319223985884
2,29,7,1,5,2,4,4,5,1,4,1,3,1,1.380952380952381,1.1333333333333329,2.037037037037037,1.8,1.0,2.6,4.0,1.7999999999999998,1.0,1.8,1.7999999999999998,1.8,2.6,1.8,2.884082892416226
7,27,7,1,4,2,4,4,5,1,5,1,3,1,2.333333333333333,1.4000000000000004,2.037037037037037,1.8,1.7999999999999998,2.6,4.0,1.7999999999999998,1.0,1.8,1.0,1.8,2.6,1.8,2.790432098765432
10,21,13,3,2,3,3,2,2,2,3,2,2,2,2.9047619047619047,2.2,2.9259259259259256,3.4,3.4,3.4,3.0,3.4,3.4,2.6,2.6,2.6,3.4,2.6,2.9096119929453264
8,30,8,1,5,1,3,5,5,1,4,1,3,2,2.5238095238095237,1.0,2.185185185185185,1.8,1.0,1.8,3.0,1.0,1.0,1.8,1.7999999999999998,1.8,2.6,2.6,2.929541446208113
7,27,8,1,5,1,4,5,5,2,5,1,3,1,2.333333333333333,1.4000000000000004,2.185185185185185,1.8,1.0,1.8,4.0,1.0,1.0,2.6,1.0,1.8,2.6,1.8,2.7299382716049383
18,7,18,3,1,4,1,1,1,4,1,4,1,4,4.428571428571429,4.066666666666666,3.6666666666666665,3.4,4.2,4.2,1.0,4.2,4.2,4.2,4.2,4.2,4.2,4.2,2.3873015873015877
1,27,4,1,5,2,4,5,5,1,5,1,3,2,1.1904761904761905,1.4000000000000004,1.5925925925925926,1.8,1.0,2.6,4.0,1.0,1.0,1.8,1.0,1.8,2.6,2.6,2.6909611992945326
21,7,17,3,1,3,1,1,1,3,1,4,1,4,5.0,4.066666666666666,3.5185185185185186,3.4,4.2,3.4,1.0,4.2,4.2,3.4,4.2,4.2,4.2,4.2,2.3382716049382717
20,11,27,4,1,4,2,1,2,4,2,4,1,4,4.809523809523809,3.533333333333333,5.0,4.2,4.2,4.2,2.0,4.2,3.4,4.2,3.4,4.2,4.2,4.2,2.733730158730159
7,2,1,5,5,0,1,3,2,2,3,2,0,5,2.333333333333333,4.733333333333333,1.1481481481481481,5.0,1.0,1.0,1.0,2.6,3.4,2.6,2.6,2.6,5.0,5.0,1.395061728395062
15,1,24,4,1,3,1,2,2,5,2,5,1,5,3.857142857142857,4.866666666666667,4.555555555555555,4.2,4.2,3.4,1.0,3.4,3.4,5.0,3.4,5.0,4.2,5.0,2.0005291005291
9,25,9,2,2,3,2,2,3,2,2,3,3,3,2.7142857142857144,1.666666666666666,2.333333333333333,2.6,3.4,3.4,2.0,3.4,2.6,2.6,3.4,3.4,2.6,3.4,3.1353174603174603
19,15,18,5,1,3,2,2,2,5,1,5,1,4,4.619047619047619,3.0,3.6666666666666665,5.0,4.2,3.4,2.0,3.4,3.4,5.0,4.2,5.0,4.2,4.2,3.0035714285714286
17,0,17,3,1,4,1,1,2,5,1,5,1,4,4.238095238095238,5.0,3.5185185185185186,3.4,4.2,4.2,1.0,4.2,3.4,5.0,4.2,5.0,4.2,4.2,1.9398589065255731
1,2,10,1,3,3,4,0,4,1,0,4,1,3,1.1904761904761905,4.733333333333333,2.4814814814814814,1.8,2.6,3.4,4.0,5.0,1.7999999999999998,1.8,5.0,4.2,4.2,3.4,1.661331569664903
19,0,15,5,1,4,2,2,2,5,1,5,1,5,4.619047619047619,5.0,3.2222222222222223,5.0,4.2,4.2,2.0,3.4,3.4,5.0,4.2,5.0,4.2,5.0,2.051719576719577
21,0,17,4,1,4,1,2,1,4,2,5,1,5,5.0,5.0,3.5185185185185186,4.2,4.2,4.2,1.0,3.4,4.2,4.2,3.4,5.0,4.2,5.0,1.9716049382716048
12,24,13,2,2,3,2,3,2,2,3,2,3,2,3.2857142857142856,1.7999999999999998,2.9259259259259256,2.6,3.4,3.4,2.0,2.6,3.4,2.6,2.6,2.6,2.6,2.6,3.0171516754850094
13,19,9,2,2,2,3,3,2,3,3,2,2,2,3.4761904761904763,2.466666666666667,2.333333333333333,2.6,3.4,2.6,3.0,2.6,3.4,3.4,2.6,2.6,3.4,2.6,2.708730158730159
16,9,23,4,1,4,2,1,2,5,2,4,1,5,4.0476190476190474,3.8,4.407407407407407,4.2,4.2,4.2,2.0,4.2,3.4,5.0,3.4,4.2,4.2,5.0,2.610626102292769
20,3,22,4,1,3,1,1,1,3,1,5,1,5,4.809523809523809,4.6,4.2592592592592595,4.2,4.2,3.4,1.0,4.2,4.2,3.4,4.2,5.0,4.2,5.0,2.1945326278659616
17,14,21,4,1,5,2,2,2,4,1,4,1,4,4.238095238095238,3.1333333333333333,4.111111111111111,4.2,4.2,5.0,2.0,3.4,3.4,4.2,4.2,4.2,4.2,4.2,2.9062169312169317
1,29,4,1,5,2,3,5,4,2,4,1,3,1,1.1904761904761905,1.1333333333333329,1.5925925925925926,1.8,1.0,2.6,3.0,1.0,1.7999999999999998,2.6,1.7999999999999998,1.8,2.6,1.8,2.8492945326278662
12,17,9,3,3,3,2,3,2,3,3,3,3,3,3.2857142857142856,2.7333333333333334,2.333333333333333,3.4,2.6,3.4,2.0,2.6,3.4,3.4,2.6,3.4,2.6,3.4,2.625793650793651
13,15,13,3,3,3,2,2,3,3,3,2,2,3,3.4761904761904763,3.0,2.9259259259259256,3.4,2.6,3.4,2.0,3.4,2.6,3.4,2.6,2.6,3.4,3.4,2.491754850088183
15,6,21,5,1,4,2,2,2,3,1,5,1,4,3.857142857142857,4.2,4.111111111111111,5.0,4.2,4.2,2.0,3.4,3.4,3.4,4.2,5.0,4.2,4.2,2.357010582010582
19,8,15,3,1,5,2,2,1,5,2,5,1,5,4.619047619047619,3.9333333333333336,3.2222222222222223,3.4,4.2,5.0,2.0,3.4,4.2,5.0,3.4,5.0,4.2,5.0,2.5517195767195764
18,8,25,3,1,3,1,2,1,5,2,5,1,5,4.428571428571429,3.9333333333333336,4.703703703703704,3.4,4.2,3.4,1.0,3.4,4.2,5.0,3.4,5.0,4.2,5.0,2.4971781305114638
3,28,5,1,5,2,3,5,5,2,4,1,3,1,1.5714285714285714,1.2666666666666666,1.7407407407407407,1.8,1.0,2.6,3.0,1.0,1.0,2.6,1.7999999999999998,1.8,2.6,1.8,2.771340388007055
4,26,8,1,5,2,3,5,4,1,4,1,3,1,1.7619047619047619,1.5333333333333332,2.185185185185185,1.8,1.0,2.6,3.0,1.0,1.7999999999999998,1.8,1.7999999999999998,1.8,2.6,1.8,2.664462081128748
3,30,3,1,5,2,3,4,4,2,5,1,3,2,1.5714285714285714,1.0,1.4444444444444444,1.8,1.0,2.6,3.0,1.7999999999999998,1.7999999999999998,2.6,1.0,1.8,2.6,2.6,2.9589947089947093
18,13,23,5,1,3,2,2,1,4,2,5,1,4,4.428571428571429,3.2666666666666666,4.407407407407407,5.0,4.2,3.4,2.0,3.4,4.2,4.2,3.4,5.0,4.2,4.2,2.859832451499118
9,15,14,3,3,2,2,2,2,3,2,3,2,3,2.7142857142857144,3.0,3.074074074074074,3.4,2.6,2.6,2.0,3.4,3.4,3.4,3.4,3.4,3.4,3.4,2.5328483245149904
14,20,10,3,3,2,2,2,2,3,2,2,3,2,3.6666666666666665,2.3333333333333335,2.4814814814814814,3.4,2.6,2.6,2.0,3.4,3.4,3.4,3.4,2.6,2.6,2.6,2.814506172839506
0,27,1,1,4,2,4,5,5,2,5,1,3,1,1.0,1.4000000000000004,1.1481481481481481,1.8,1.7999999999999998,2.6,4.0,1.0,1.0,2.6,1.0,1.8,2.6,1.8,2.6978395061728393
18,9,20,5,1,4,1,2,2,4,1,5,1,5,4.428571428571429,3.8,3.962962962962963,5.0,4.2,4.2,1.0,3.4,3.4,4.2,4.2,5.0,4.2,5.0,2.599647266313933
15,0,25,5,1,4,2,2,2,5,2,5,1,4,3.857142857142857,5.0,4.703703703703704,5.0,4.2,4.2,2.0,3.4,3.4,5.0,3.4,5.0,4.2,4.2,2.0150352733686065
21,6,15,5,1,4,2,2,1,5,2,5,1,4,5.0,4.2,3.2222222222222223,5.0,4.2,4.2,2.0,3.4,4.2,5.0,3.4,5.0,4.2,4.2,2.434259259259259
10,19,11,3,3,2,2,2,3,3,2,2,3,3,2.9047619047619047,2.466666666666667,2.6296296296296298,3.4,2.6,2.6,2.0,3.4,2.6,3.4,3.4,2.6,2.6,3.4,2.7222663139329804
14,22,11,2,3,3,2,3,3,2,2,2,2,2,3.6666666666666665,2.066666666666667,2.6296296296296298,2.6,2.6,3.4,2.0,2.6,2.6,2.6,3.4,2.6,3.4,2.6,2.8540123456790125
6,29,3,1,5,1,3,4,5,1,5,1,3,2,2.142857142857143,1.1333333333333329,1.4444444444444444,1.8,1.0,1.8,3.0,1.7999999999999998,1.0,1.8,1.0,1.8,2.6,2.6,2.8161375661375665
12,28,24,1,2,1,2,5,4,0,0,2,0,3,3.2857142857142856,1.2666666666666666,4.555555555555555,1.8,3.4,1.8,2.0,1.0,1.7999999999999998,1.0,5.0,2.6,5.0,3.4,3.18505291005291
21,20,22,1,1,4,2,2,3,4,3,1,1,0,5.0,2.3333333333333335,4.2592592592592595,1.8,4.2,4.2,2.0,3.4,2.6,4.2,2.6,1.8,4.2,1.0,2.877469135802469
3,30,2,1,5,1,4,4,4,1,4,1,3,2,1.5714285714285714,1.0,1.2962962962962963,1.8,1.0,1.8,4.0,1.7999999999999998,1.7999999999999998,1.8,1.7999999999999998,1.8,2.6,2.6,2.9611552028218697
3,21,9,4,2,0,5,4,3,4,3,4,1,4,1.5714285714285714,2.2,2.333333333333333,4.2,3.4,1.0,5.0,1.7999999999999998,2.6,4.2,2.6,4.2,4.2,4.2,2.9460317460317462
12,16,10,3,3,2,2,3,2,2,3,2,3,3,3.2857142857142856,2.8666666666666667,2.4814814814814814,3.4,2.6,2.6,2.0,2.6,3.4,2.6,2.6,2.6,2.6,3.4,2.465299823633157
21,12,25,3,1,5,1,2,2,4,2,4,1,5,5.0,3.4,4.703703703703704,3.4,4.2,5.0,1.0,3.4,3.4,4.2,3.4,4.2,4.2,5.0,2.754320987654321
10,17,10,3,2,3,2,3,2,2,3,2,3,2,2.9047619047619047,2.7333333333333334,2.4814814814814814,3.4,3.4,3.4,2.0,2.6,3.4,2.6,2.6,2.6,2.6,2.6,2.5494268077601414
6,27,8,1,4,1,3,4,4,1,5,1,3,2,2.142857142857143,1.4000000000000004,2.185185185185185,1.8,1.7999999999999998,1.8,3.0,1.7999999999999998,1.7999999999999998,1.8,1.0,1.8,2.6,2.6,2.7803350970017635
16,15,14,4,4,1,2,5,3,1,1,1,1,5,4.0476190476190474,3.0,3.074074074074074,4.2,1.7999999999999998,1.8,2.0,1.0,2.6,1.8,4.2,1.8,4.2,5.0,2.3884038800705474
6,5,19,3,0,3,1,5,4,2,0,4,0,5,2.142857142857143,4.333333333333334,3.814814814814815,3.4,5.0,3.4,1.0,1.0,1.7999999999999998,2.6,5.0,4.2,5.0,5.0,1.931569664902998
18,24,2,2,0,3,5,4,2,0,0,3,1,3,4.428571428571429,1.7999999999999998,1.2962962962962963,2.6,5.0,3.4,5.0,1.7999999999999998,3.4,1.0,5.0,3.4,4.2,3.4,3.2552028218694886
2,27,2,1,5,2,4,4,5,2,4,1,3,2,1.380952380952381,1.4000000000000004,1.2962962962962963,1.8,1.0,2.6,4.0,1.7999999999999998,1.0,2.6,1.7999999999999998,1.8,2.6,2.6,2.786552028218695
21,3,25,4,1,5,1,2,2,3,2,4,1,4,5.0,4.6,4.703703703703704,4.2,4.2,5.0,1.0,3.4,3.4,3.4,3.4,4.2,4.2,4.2,2.120987654320988
19,14,24,3,1,4,2,2,2,3,1,5,1,4,4.619047619047619,3.1333333333333333,4.555555555555555,3.4,4.2,4.2,2.0,3.4,3.4,3.4,4.2,5.0,4.2,4.2,2.8739417989417992
12,25,9,2,2,3,2,2,2,3,2,2,3,3,3.2857142857142856,1.666666666666666,2.333333333333333,2.6,3.4,3.4,2.0,3.4,3.4,3.4,3.4,2.6,2.6,3.4,3.192460317460317
17,6,25,3,1,5,1,1,2,4,2,5,1,5,4.238095238095238,4.2,4.703703703703704,3.4,4.2,5.0,1.0,4.2,3.4,4.2,3.4,5.0,4.2,5.0,2.3892416225749558
3,25,0,1,4,2,4,4,4,2,4,1,3,1,1.5714285714285714,1.666666666666666,1.0,1.8,1.7999999999999998,2.6,4.0,1.7999999999999998,1.7999999999999998,2.6,1.7999999999999998,1.8,2.6,1.8,2.682142857142858
10,20,13,2,2,2,3,3,3,3,2,2,2,2,2.9047619047619047,2.3333333333333335,2.9259259259259256,2.6,3.4,2.6,3.0,2.6,2.6,3.4,3.4,2.6,3.4,2.6,2.776278659611993
5,29,7,1,4,1,3,5,5,2,4,1,3,2,1.9523809523809523,1.1333333333333329,2.037037037037037,1.8,1.7999999999999998,1.8,3.0,1.0,1.0,2.6,1.7999999999999998,1.8,2.6,2.6,2.8995590828924165
11,17,14,3,3,2,2,3,3,3,2,3,2,2,3.0952380952380953,2.7333333333333334,3.074074074074074,3.4,2.6,2.6,2.0,2.6,2.6,3.4,3.4,3.4,3.4,2.6,2.5820546737213403
20,0,18,4,1,4,2,2,2,4,1,4,1,5,4.809523809523809,5.0,3.6666666666666665,4.2,4.2,4.2,2.0,3.4,3.4,4.2,4.2,4.2,4.2,5.0,1.9781746031746035
13,18,9,3,2,3,3,3,2,2,3,2,3,2,3.4761904761904763,2.6,2.333333333333333,3.4,3.4,3.4,3.0,2.6,3.4,2.6,2.6,2.6,2.6,2.6,2.6753968253968257
13,25,10,2,2,3,2,2,2,2,3,2,2,3,3.4761904761904763,1.666666666666666,2.4814814814814814,2.6,3.4,3.4,2.0,3.4,3.4,2.6,2.6,2.6,3.4,3.4,3.139902998236332
9,17,14,2,3,3,2,3,3,3,3,3,3,3,2.7142857142857144,2.7333333333333334,3.074074074074074,2.6,2.6,3.4,2.0,2.6,2.6,3.4,2.6,3.4,2.6,3.4,2.5661816578483245
2,25,2,1,4,1,4,5,5,1,4,1,3,1,1.380952380952381,1.666666666666666,1.2962962962962963,1.8,1.7999999999999998,1.8,4.0,1.0,1.0,1.8,1.7999999999999998,1.8,2.6,1.8,2.553218694885362
21,4,24,3,1,3,1,2,1,5,1,5,1,5,5.0,4.466666666666667,4.555555555555555,3.4,4.2,3.4,1.0,3.4,4.2,5.0,4.2,5.0,4.2,5.0,2.281481481481481
0,27,22,4,3,4,3,5,5,5,2,0,1,2,1.0,1.4000000000000004,4.2592592592592595,4.2,2.6,4.2,3.0,1.0,1.0,5.0,3.4,1.0,4.2,2.6,3.185802469135802
20,6,21,5,1,4,1,2,2,3,1,5,1,5,4.809523809523809,4.2,4.111111111111111,5.0,4.2,4.2,1.0,3.4,3.4,3.4,4.2,5.0,4.2,5.0,2.3883597883597885
8,28,6,1,4,2,3,5,5,1,5,1,3,1,2.5238095238095237,1.2666666666666666,1.8888888888888888,1.8,1.7999999999999998,2.6,3.0,1.0,1.0,1.8,1.0,1.8,2.6,1.8,2.783862433862434
14,25,11,2,3,3,3,2,2,2,2,3,3,2,3.6666666666666665,1.666666666666666,2.6296296296296298,2.6,2.6,3.4,3.0,3.4,3.4,2.6,3.4,3.4,2.6,2.6,3.1956790123456793
1,25,6,1,5,1,4,5,4,2,4,1,3,2,1.1904761904761905,1.666666666666666,1.8888888888888888,1.8,1.0,1.8,4.0,1.0,1.7999999999999998,2.6,1.7999999999999998,1.8,2.6,2.6,2.636640211640212
18,1,20,4,1,5,2,1,1,5,2,5,1,4,4.428571428571429,4.866666666666667,3.962962962962963,4.2,4.2,5.0,2.0,4.2,4.2,5.0,3.4,5.0,4.2,4.2,2.1413139329805992
0,28,4,1,4,1,3,4,4,1,4,1,3,2,1.0,1.2666666666666666,1.5925925925925926,1.8,1.7999999999999998,1.8,3.0,1.7999999999999998,1.7999999999999998,1.8,1.7999999999999998,1.8,2.6,2.6,2.8080246913580247
14,30,10,0,0,4,1,3,5,0,3,0,0,1,3.6666666666666665,1.0,2.4814814814814814,1.0,5.0,4.2,1.0,2.6,1.0,1.0,2.6,1.0,5.0,1.8,3.139506172839506
3,25,8,1,4,1,4,4,4,2,5,1,3,1,1.5714285714285714,1.666666666666666,2.185185185185185,1.8,1.7999999999999998,1.8,4.0,1.7999999999999998,1.7999999999999998,2.6,1.0,1.8,2.6,1.8,2.6648589065255734
16,10,18,5,1,3,1,2,2,4,1,5,1,5,4.0476190476190474,3.666666666666667,3.6666666666666665,5.0,4.2,3.4,1.0,3.4,3.4,4.2,4.2,5.0,4.2,5.0,2.6047619047619044
15,8,23,4,1,4,1,2,1,5,2,5,1,5,3.857142857142857,3.9333333333333336,4.407407407407407,4.2,4.2,4.2,1.0,3.4,4.2,5.0,3.4,5.0,4.2,5.0,2.5276895943562607
2,10,3,1,2,5,2,1,2,1,2,4,0,4,1.380952380952381,3.666666666666667,1.4444444444444444,1.8,3.4,5.0,2.0,4.2,3.4,1.8,3.4,4.2,5.0,4.2,2.176058201058201
19,3,20,4,1,5,1,1,1,3,2,5,1,4,4.619047619047619,4.6,3.962962962962963,4.2,4.2,5.0,1.0,4.2,4.2,3.4,3.4,5.0,4.2,4.2,2.174250440917108
2,25,2,1,4,2,3,5,5,2,5,1,3,2,1.380952380952381,1.666666666666666,1.2962962962962963,1.8,1.7999999999999998,2.6,3.0,1.0,1.0,2.6,1.0,1.8,2.6,2.6,2.578218694885362
14,17,11,3,3,3,3,3,3,2,3,3,3,2,3.6666666666666665,2.7333333333333334,2.6296296296296298,3.4,2.6,3.4,3.0,2.6,2.6,2.6,2.6,3.4,2.6,2.6,2.595679012345679
2,30,5,1,4,2,3,5,4,1,5,1,3,1,1.380952380952381,1.0,1.7407407407407407,1.8,1.7999999999999998,2.6,3.0,1.0,1.7999999999999998,1.8,1.0,1.8,2.6,1.8,2.8967372134038802
7,15,3,5,1,0,4,1,0,5,2,3,1,4,2.333333333333333,3.0,1.4444444444444444,5.0,4.2,1.0,4.0,4.2,5.0,5.0,3.4,3.4,4.2,4.2,2.799074074074074
21,3,27,5,1,3,1,2,1,5,1,4,1,5,5.0,4.6,5.0,5.0,4.2,3.4,1.0,3.4,4.2,5.0,4.2,4.2,4.2,5.0,2.266666666666667
13,24,13,2,3,2,3,3,2,3,2,2,3,2,3.4761904761904763,1.7999999999999998,2.9259259259259256,2.6,2.6,2.6,3.0,2.6,3.4,3.4,3.4,2.6,2.6,2.6,3.0667548500881834
8,26,2,1,5,2,4,4,5,2,5,1,3,2,2.5238095238095237,1.5333333333333332,1.2962962962962963,1.8,1.0,2.6,4.0,1.7999999999999998,1.0,2.6,1.0,1.8,2.6,2.6,2.7341710758377427
10,24,12,2,2,2,3,3,3,2,2,2,2,3,2.9047619047619047,1.7999999999999998,2.7777777777777777,2.6,3.4,2.6,3.0,2.6,2.6,2.6,3.4,2.6,3.4,3.4,3.0367724867724872
15,1,18,3,1,5,1,1,2,4,1,4,1,4,3.857142857142857,4.866666666666667,3.6666666666666665,3.4,4.2,5.0,1.0,4.2,3.4,4.2,4.2,4.2,4.2,4.2,1.9634920634920636
19,13,26,3,1,5,2,1,2,5,2,4,1,4,4.619047619047619,3.2666666666666666,4.851851851851851,3.4,4.2,5.0,2.0,4.2,3.4,5.0,3.4,4.2,4.2,4.2,2.886287477954145
19,14,23,5,5,3,5,4,1,5,2,2,0,2,4.619047619047619,3.1333333333333333,4.407407407407407,5.0,1.0,3.4,5.0,1.7999999999999998,4.2,5.0,3.4,2.6,5.0,2.6,2.7261022927689593
17,2,20,3,1,4,1,1,1,3,1,4,1,5,4.238095238095238,4.733333333333333,3.962962962962963,3.4,4.2,4.2,1.0,4.2,4.2,3.4,4.2,4.2,4.2,5.0,2.0583774250440916
9,21,12,2,2,3,3,3,2,2,3,2,2,3,2.7142857142857144,2.2,2.7777777777777777,2.6,3.4,3.4,3.0,2.6,3.4,2.6,2.6,2.6,3.4,3.4,2.8621693121693124
18,8,25,4,1,1,1,5,1,2,2,1,1,4,4.428571428571429,3.9333333333333336,4.703703703703704,4.2,4.2,1.8,1.0,1.0,4.2,2.6,3.4,1.8,4.2,4.2,2.0971781305114634
13,17,10,2,2,2,3,2,2,2,3,3,2,2,3.4761904761904763,2.7333333333333334,2.4814814814814814,2.6,3.4,2.6,3.0,3.4,3.4,2.6,2.6,3.4,3.4,2.6,2.6149029982363317
8,30,7,1,5,2,3,4,5,2,4,1,3,2,2.5238095238095237,1.0,2.037037037037037,1.8,1.0,2.6,3.0,1.7999999999999998,1.0,2.6,1.7999999999999998,1.8,2.6,2.6,3.02336860670194
19,6,24,4,1,4,2,1,1,3,1,4,1,4,4.619047619047619,4.2,4.555555555555555,4.2,4.2,4.2,2.0,4.2,4.2,3.4,4.2,4.2,4.2,4.2,2.4072751322751325
10,16,12,2,2,3,3,2,2,2,3,2,2,3,2.9047619047619047,2.8666666666666667,2.7777777777777777,2.6,3.4,3.4,3.0,3.4,3.4,2.6,2.6,2.6,3.4,3.4,2.57010582010582
19,1,27,4,1,5,1,1,2,4,2,4,1,4,4.619047619047619,4.866666666666667,5.0,4.2,4.2,5.0,1.0,4.2,3.4,4.2,3.4,4.2,4.2,4.2,2.0507936507936506
19,12,13,0,2,0,3,3,5,5,4,4,1,0,4.619047619047619,3.4,2.9259259259259256,1.0,3.4,1.0,3.0,2.6,1.0,5.0,1.7999999999999998,4.2,4.2,1.0,2.114373897707231
13,6,26,1,0,0,3,5,1,1,1,5,1,0,3.4761904761904763,4.2,4.851851851851851,1.8,5.0,1.0,3.0,1.0,4.2,1.8,4.2,5.0,4.2,1.0,1.913668430335097
4,30,7,1,4,2,4,4,4,2,4,1,3,1,1.7619047619047619,1.0,2.037037037037037,1.8,1.7999999999999998,2.6,4.0,1.7999999999999998,1.7999999999999998,2.6,1.7999999999999998,1.8,2.6,1.8,3.0666225749559084
11,21,12,3,2,3,2,3,3,3,3,2,2,3,3.0952380952380953,2.2,2.7777777777777777,3.4,3.4,3.4,2.0,2.6,2.6,3.4,2.6,2.6,3.4,3.4,2.869708994708995
20,10,17,4,1,4,2,1,2,4,1,5,1,4,4.809523809523809,3.666666666666667,3.5185185185185186,4.2,4.2,4.2,2.0,4.2,3.4,4.2,4.2,5.0,4.2,4.2,2.6720017636684306
21,13,18,3,1,5,1,2,1,4,2,5,1,4,5.0,3.2666666666666666,3.6666666666666665,3.4,4.2,5.0,1.0,3.4,4.2,4.2,3.4,5.0,4.2,4.2,2.811111111111111
16,1,25,5,1,3,2,2,1,5,1,5,1,5,4.0476190476190474,4.866666666666667,4.703703703703704,5.0,4.2,3.4,2.0,3.4,4.2,5.0,4.2,5.0,4.2,5.0,2.1563051146384478
3,28,0,1,4,1,4,5,5,1,5,1,3,1,1.5714285714285714,1.2666666666666666,1.0,1.8,1.7999999999999998,1.8,4.0,1.0,1.0,1.8,1.0,1.8,2.6,1.8,2.7154761904761906
18,10,18,5,1,5,1,2,2,5,2,4,1,4,4.428571428571429,3.666666666666667,3.6666666666666665,5.0,4.2,5.0,1.0,3.4,3.4,5.0,3.4,4.2,4.2,4.2,2.62063492063492
18,12,0,5,5,4,0,1,4,2,3,4,0,0,4.428571428571429,3.4,1.0,5.0,1.0,4.2,1.0,4.2,1.7999999999999998,2.6,2.6,4.2,5.0,1.0,2.1761904761904765
12,24,14,3,3,3,3,2,2,3,2,3,3,3,3.2857142857142856,1.7999999999999998,3.074074074074074,3.4,2.6,3.4,3.0,3.4,3.4,3.4,3.4,3.4,2.6,3.4,3.231657848324515
10,24,15,5,0,3,2,2,2,0,3,4,1,1,2.9047619047619047,1.7999999999999998,3.2222222222222223,5.0,5.0,3.4,2.0,3.4,3.4,1.0,2.6,4.2,4.2,1.8,3.1802910052910054
9,16,14,3,3,3,3,2,2,3,3,2,2,2,2.7142857142857144,2.8666666666666667,3.074074074074074,3.4,2.6,3.4,3.0,3.4,3.4,3.4,2.6,2.6,3.4,2.6,2.574514991181658
5,25,2,1,5,2,3,5,4,2,5,1,3,1,1.9523809523809523,1.666666666666666,1.2962962962962963,1.8,1.0,2.6,3.0,1.0,1.7999999999999998,2.6,1.0,1.8,2.6,1.8,2.5686948853615523
11,23,14,2,2,2,3,3,3,2,2,3,3,2,3.0952380952380953,1.9333333333333336,3.074074074074074,2.6,3.4,2.6,3.0,2.6,2.6,2.6,3.4,3.4,2.6,2.6,2.9903880070546736
8,6,10,5,2,4,5,0,3,2,3,4,0,4,2.5238095238095237,4.2,2.4814814814814814,5.0,3.4,4.2,5.0,5.0,2.6,2.6,2.6,4.2,5.0,4.2,2.225220458553792
17,28,18,2,4,1,3,4,5,4,0,4,0,3,4.238095238095238,1.2666666666666666,3.6666666666666665,2.6,1.7999999999999998,1.8,3.0,1.7999999999999998,1.0,4.2,5.0,4.2,5.0,3.4,3.396031746031746
8,28,2,1,5,2,3,5,5,2,5,1,3,1,2.5238095238095237,1.2666666666666666,1.2962962962962963,1.8,1.0,2.6,3.0,1.0,1.0,2.6,1.0,1.8,2.6,1.8,2.7591710758377426
13,16,13,3,2,3,2,3,3,2,3,3,3,3,3.4761904761904763,2.8666666666666667,2.9259259259259256,3.4,3.4,3.4,2.0,2.6,2.6,2.6,2.6,3.4,2.6,3.4,2.55842151675485
16,8,21,5,1,4,1,2,1,4,2,5,1,5,4.0476190476190474,3.9333333333333336,4.111111111111111,5.0,4.2,4.2,1.0,3.4,4.2,4.2,3.4,5.0,4.2,5.0,2.523280423280423
13,16,11,2,3,2,3,2,3,2,3,3,2,3,3.4761904761904763,2.8666666666666667,2.6296296296296298,2.6,2.6,2.6,3.0,3.4,2.6,2.6,2.6,3.4,3.4,3.4,2.5210758377425044
21,28,20,0,0,5,4,4,2,4,2,0,0,5,5.0,1.2666666666666666,3.962962962962963,1.0,5.0,5.0,4.0,1.7999999999999998,3.4,4.2,3.4,1.0,5.0,5.0,3.648456790123457
12,19,12,3,2,2,2,2,2,3,2,2,2,3,3.2857142857142856,2.466666666666667,2.7777777777777777,3.4,3.4,2.6,2.0,3.4,3.4,3.4,3.4,2.6,3.4,3.4,2.810978835978836
14,25,12,3,2,2,2,2,2,3,2,3,3,2,3.6666666666666665,1.666666666666666,2.7777777777777777,3.4,3.4,2.6,2.0,3.4,3.4,3.4,3.4,3.4,2.6,2.6,3.226851851851852
14,21,14,3,2,2,2,2,2,3,2,3,3,2,3.6666666666666665,2.2,3.074074074074074,3.4,3.4,2.6,2.0,3.4,3.4,3.4,3.4,3.4,2.6,2.6,2.9725308641975308
6,20,16,5,1,5,5,0,4,0,0,0,1,4,2.142857142857143,2.3333333333333335,3.3703703703703702,5.0,4.2,5.0,5.0,5.0,1.7999999999999998,1.0,5.0,1.0,4.2,4.2,3.1130511463844797
18,5,24,4,2,3,3,5,3,4,2,5,1,1,4.428571428571429,4.333333333333334,4.555555555555555,4.2,3.4,3.4,3.0,1.0,2.6,4.2,3.4,5.0,4.2,1.8,2.0410052910052903
14,18,13,3,2,2,3,2,3,2,3,3,3,2,3.6666666666666665,2.6,2.9259259259259256,3.4,3.4,2.6,3.0,3.4,2.6,2.6,2.6,3.4,2.6,2.6,2.708024691358025
12,25,27,1,4,2,5,4,0,3,1,1,1,3,3.2857142857142856,1.666666666666666,5.0,1.8,1.7999999999999998,2.6,5.0,1.7999999999999998,5.0,3.4,4.2,1.8,4.2,3.4,3.295238095238095
5,27,1,1,5,1,3,5,4,1,4,1,3,2,1.9523809523809523,1.4000000000000004,1.1481481481481481,1.8,1.0,1.8,3.0,1.0,1.7999999999999998,1.8,1.7999999999999998,1.8,2.6,2.6,2.6958553791887123
3,28,6,1,5,1,4,5,4,2,5,1,3,2,1.5714285714285714,1.2666666666666666,1.8888888888888888,1.8,1.0,1.8,4.0,1.0,1.7999999999999998,2.6,1.0,1.8,2.6,2.6,2.8191798941798942
13,24,10,2,2,3,2,2,3,3,3,3,3,2,3.4761904761904763,1.7999999999999998,2.4814814814814814,2.6,3.4,3.4,2.0,3.4,2.6,3.4,2.6,3.4,2.6,2.6,3.073236331569665
15,12,20,4,0,3,1,5,5,3,2,5,1,1,3.857142857142857,3.4,3.962962962962963,4.2,5.0,3.4,1.0,1.0,1.0,3.4,3.4,5.0,4.2,1.8,2.3425044091710756
6,26,8,1,5,2,3,4,4,1,4,1,3,2,2.142857142857143,1.5333333333333332,2.185185185185185,1.8,1.0,2.6,3.0,1.7999999999999998,1.7999999999999998,1.8,1.7999999999999998,1.8,2.6,2.6,2.7470017636684307
18,10,17,3,1,3,1,2,1,5,2,4,1,4,4.428571428571429,3.666666666666667,3.5185185185185186,3.4,4.2,3.4,1.0,3.4,4.2,5.0,3.4,4.2,4.2,4.2,2.5144620811287477
11,22,12,2,2,3,2,2,3,2,3,3,2,3,3.0952380952380953,2.066666666666667,2.7777777777777777,2.6,3.4,3.4,2.0,3.4,2.6,2.6,2.6,3.4,3.4,3.4,2.9363756613756613
21,4,26,4,1,3,1,2,2,4,2,4,1,4,5.0,4.466666666666667,4.851851851851851,4.2,4.2,3.4,1.0,3.4,3.4,4.2,3.4,4.2,4.2,4.2,2.1604938271604937
12,21,11,2,3,3,2,2,2,2,2,3,2,3,3.2857142857142856,2.2,2.6296296296296298,2.6,2.6,3.4,2.0,3.4,3.4,2.6,3.4,3.4,3.4,3.4,2.904805996472663
8,30,7,1,4,2,4,5,4,2,4,1,3,1,2.5238095238095237,1.0,2.037037037037037,1.8,1.7999999999999998,2.6,4.0,1.0,1.7999999999999998,2.6,1.7999999999999998,1.8,2.6,1.8,3.065035273368607
10,21,11,3,3,2,2,2,3,3,3,2,3,2,2.9047619047619047,2.2,2.6296296296296298,3.4,2.6,2.6,2.0,3.4,2.6,3.4,2.6,2.6,2.6,2.6,2.7889329805996472
9,22,14,3,3,2,3,2,2,2,2,2,2,3,2.7142857142857144,2.066666666666667,3.074074074074074,3.4,2.6,2.6,3.0,3.4,3.4,2.6,3.4,2.6,3.4,3.4,2.9745149911816577
20,3,26,3,1,3,1,2,1,4,1,5,1,4,4.809523809523809,4.6,4.851851851851851,3.4,4.2,3.4,1.0,3.4,4.2,4.2,4.2,5.0,4.2,4.2,2.1525573192239866
11,16,14,3,2,3,2,3,3,2,3,3,3,2,3.0952380952380953,2.8666666666666667,3.074074074074074,3.4,3.4,3.4,2.0,2.6,2.6,2.6,2.6,3.4,2.6,2.6,2.515388007054674
1,25,7,1,5,2,4,5,5,2,5,1,3,1,1.1904761904761905,1.666666666666666,2.037037037037037,1.8,1.0,2.6,4.0,1.0,1.0,2.6,1.0,1.8,2.6,1.8,2.5761463844797183
15,10,17,4,1,5,1,2,1,5,1,4,1,5,3.857142857142857,3.666666666666667,3.5185185185185186,4.2,4.2,5.0,1.0,3.4,4.2,5.0,4.2,4.2,4.2,5.0,2.6573192239858905
17,2,23,4,1,3,1,2,1,4,2,4,1,4,4.238095238095238,4.733333333333333,4.407407407407407,4.2,4.2,3.4,1.0,3.4,4.2,4.2,3.4,4.2,4.2,4.2,2.0102292768959433
8,30,4,1,4,1,3,4,5,2,4,1,3,2,2.5238095238095237,1.0,1.5925925925925926,1.8,1.7999999999999998,1.8,3.0,1.7999999999999998,1.0,2.6,1.7999999999999998,1.8,2.6,2.6,3.0048500881834217
20,4,22,5,1,5,2,1,1,5,2,5,1,5,4.809523809523809,4.466666666666667,4.2592592592592595,5.0,4.2,5.0,2.0,4.2,4.2,5.0,3.4,5.0,4.2,5.0,2.436199294532628
8,7,1,0,5,2,3,2,2,0,2,4,0,5,2.5238095238095237,4.066666666666666,1.1481481481481481,1.0,1.0,2.6,3.0,3.4,3.4,1.0,3.4,4.2,5.0,5.0,1.7863315696649031
5,26,3,1,4,2,4,5,4,2,5,1,3,2,1.9523809523809523,1.5333333333333332,1.4444444444444444,1.8,1.7999999999999998,2.6,4.0,1.0,1.7999999999999998,2.6,1.0,1.8,2.6,2.6,2.749867724867725
14,16,13,2,2,3,2,3,2,3,2,3,2,2,3.6666666666666665,2.8666666666666667,2.9259259259259256,2.6,3.4,3.4,2.0,2.6,3.4,3.4,3.4,3.4,3.4,2.6,2.599691358024691
10,20,13,3,2,3,3,3,3,3,2,3,3,2,2.9047619047619047,2.3333333333333335,2.9259259259259256,3.4,3.4,3.4,3.0,2.6,2.6,3.4,3.4,3.4,2.6,2.6,2.8762786596119927
18,0,22,3,1,5,1,2,2,5,2,5,1,5,4.428571428571429,5.0,4.2592592592592595,3.4,4.2,5.0,1.0,3.4,3.4,5.0,3.4,5.0,4.2,5.0,1.9786596119929454
21,19,24,2,4,3,4,0,3,3,3,2,0,3,5.0,2.466666666666667,4.555555555555555,2.6,1.7999999999999998,3.4,4.0,5.0,2.6,3.4,2.6,2.6,5.0,3.4,2.973148148148148
4,27,6,1,5,2,3,4,4,2,4,1,3,2,1.7619047619047619,1.4000000000000004,1.8888888888888888,1.8,1.0,2.6,3.0,1.7999999999999998,1.7999999999999998,2.6,1.7999999999999998,1.8,2.6,2.6,2.818783068783069
12,16,7,4,5,2,1,1,2,4,4,0,1,2,3.2857142857142856,2.8666666666666667,2.037037037037037,4.2,1.0,2.6,1.0,4.2,3.4,4.2,1.7999999999999998,1.0,4.2,2.6,2.3717813051146384
14,21,11,2,2,3,3,2,3,3,2,2,2,2,3.6666666666666665,2.2,2.6296296296296298,2.6,3.4,3.4,3.0,3.4,2.6,3.4,3.4,2.6,3.4,2.6,2.9290123456790123
7,13,18,4,5,0,0,0,1,5,4,2,0,2,2.333333333333333,3.2666666666666666,3.6666666666666665,4.2,1.0,1.0,1.0,5.0,4.2,5.0,1.7999999999999998,2.6,5.0,2.6,2.3
19,25,6,1,5,5,1,1,1,3,0,2,0,2,4.619047619047619,1.666666666666666,1.8888888888888888,1.8,1.0,5.0,1.0,4.2,4.2,3.4,5.0,2.6,5.0,2.6,3.2211640211640216
18,28,7,0,5,0,5,4,1,5,3,5,0,0,4.428571428571429,1.2666666666666666,2.037037037037037,1.0,1.0,1.0,5.0,1.7999999999999998,4.2,5.0,2.6,5.0,5.0,1.0,3.2860670194003525
10,15,11,3,3,2,3,3,3,3,2,2,2,2,2.9047619047619047,3.0,2.6296296296296298,3.4,2.6,2.6,3.0,2.6,2.6,3.4,3.4,2.6,3.4,2.6,2.4305996472663143
11,22,24,2,4,4,0,3,0,3,1,1,0,1,3.0952380952380953,2.066666666666667,4.555555555555555,2.6,1.7999999999999998,4.2,1.0,2.6,5.0,3.4,4.2,1.8,5.0,1.8,2.9687830687830683
15,7,19,3,1,3,2,1,1,5,1,4,1,4,3.857142857142857,4.066666666666666,3.814814814814815,3.4,4.2,3.4,2.0,4.2,4.2,5.0,4.2,4.2,4.2,4.2,2.4113315696649034
5,27,8,1,4,2,4,4,4,2,5,1,3,2,1.9523809523809523,1.4000000000000004,2.185185185185185,1.8,1.7999999999999998,2.6,4.0,1.7999999999999998,1.7999999999999998,2.6,1.0,1.8,2.6,2.6,2.880731922398589
14,16,13,3,2,3,3,2,3,3,3,3,2,3,3.6666666666666665,2.8666666666666667,2.9259259259259256,3.4,3.4,3.4,3.0,3.4,2.6,3.4,2.6,3.4,3.4,3.4,2.674691358024691
2,30,19,3,0,1,0,3,0,0,1,5,1,2,1.380952380952381,1.0,3.814814814814815,3.4,5.0,1.8,1.0,2.6,5.0,1.0,4.2,5.0,4.2,2.6,3.5331569664903
3,9,8,4,1,5,1,3,2,1,0,4,1,3,1.5714285714285714,3.8,2.185185185185185,4.2,4.2,5.0,1.0,2.6,3.4,1.8,5.0,4.2,4.2,3.4,2.20652557319224
14,23,10,2,2,3,3,3,3,3,3,3,2,3,3.6666666666666665,1.9333333333333336,2.4814814814814814,2.6,3.4,3.4,3.0,2.6,2.6,3.4,2.6,3.4,3.4,3.4,3.056172839506173
1,26,3,1,4,2,4,4,5,2,5,1,3,2,1.1904761904761905,1.5333333333333332,1.4444444444444444,1.8,1.7999999999999998,2.6,4.0,1.7999999999999998,1.0,2.6,1.0,1.8,2.6,2.6,2.7181216931216934
12,22,9,2,2,3,3,3,3,3,3,3,3,2,3.2857142857142856,2.066666666666667,2.333333333333333,2.6,3.4,3.4,3.0,2.6,2.6,3.4,2.6,3.4,2.6,2.6,2.9341269841269844
10,20,14,3,2,3,2,2,3,2,2,2,3,2,2.9047619047619047,2.3333333333333335,3.074074074074074,3.4,3.4,3.4,2.0,3.4,2.6,2.6,3.4,2.6,2.6,2.6,2.807451499118166
14,19,11,3,2,2,3,3,3,3,2,2,2,3,3.6666666666666665,2.466666666666667,2.6296296296296298,3.4,3.4,2.6,3.0,2.6,2.6,3.4,3.4,2.6,3.4,3.4,2.795679012345679
12,17,12,3,3,3,2,2,2,2,2,2,2,2,3.2857142857142856,2.7333333333333334,2.7777777777777777,3.4,2.6,3.4,2.0,3.4,3.4,2.6,3.4,2.6,3.4,2.6,2.6109788359788357
7,26,7,1,5,2,4,5,4,1,4,1,3,1,2.333333333333333,1.5333333333333332,2.037037037037037,1.8,1.0,2.6,4.0,1.0,1.7999999999999998,1.8,1.7999999999999998,1.8,2.6,1.8,2.7237654320987654
3,25,5,1,5,1,4,4,5,1,4,1,3,1,1.5714285714285714,1.666666666666666,1.7407407407407407,1.8,1.0,1.8,4.0,1.7999999999999998,1.0,1.8,1.7999999999999998,1.8,2.6,1.8,2.5796737213403884
12,17,13,3,3,3,3,2,2,3,3,3,3,2,3.2857142857142856,2.7333333333333334,2.9259259259259256,3.4,2.6,3.4,3.0,3.4,3.4,3.4,2.6,3.4,2.6,2.6,2.6921516754850088
13,17,11,3,3,2,2,3,2,3,3,2,2,3,3.4761904761904763,2.7333333333333334,2.6296296296296298,3.4,2.6,2.6,2.0,2.6,3.4,3.4,2.6,2.6,3.4,3.4,2.579409171075838
0,27,7,1,5,2,4,5,4,1,4,1,3,1,1.0,1.4000000000000004,2.037037037037037,1.8,1.0,2.6,4.0,1.0,1.7999999999999998,1.8,1.7999999999999998,1.8,2.6,1.8,2.7348765432098765
9,17,9,3,2,2,3,3,3,2,3,3,2,2,2.7142857142857144,2.7333333333333334,2.333333333333333,3.4,3.4,2.6,3.0,2.6,2.6,2.6,2.6,3.4,3.4,2.6,2.543650793650794
3,26,4,1,4,2,4,5,4,1,4,1,3,2,1.5714285714285714,1.5333333333333332,1.5925925925925926,1.8,1.7999999999999998,2.6,4.0,1.0,1.7999999999999998,1.8,1.7999999999999998,1.8,2.6,2.6,2.740167548500882
9,24,14,3,2,3,3,3,3,2,3,3,2,2,2.7142857142857144,1.7999999999999998,3.074074074074074,3.4,3.4,3.4,3.0,2.6,2.6,2.6,2.6,3.4,3.4,2.6,3.0745149911816583
14,23,13,2,2,3,2,3,2,3,2,3,2,2,3.6666666666666665,1.9333333333333336,2.9259259259259256,2.6,3.4,3.4,2.0,2.6,3.4,3.4,3.4,3.4,3.4,2.6,3.0663580246913575
8,29,7,1,5,1,3,5,4,2,4,1,3,2,2.5238095238095237,1.1333333333333329,2.037037037037037,1.8,1.0,1.8,3.0,1.0,1.7999999999999998,2.6,1.7999999999999998,1.8,2.6,2.6,2.9233686067019407
0,28,6,1,5,1,3,5,4,2,4,1,3,2,1.0,1.2666666666666666,1.8888888888888888,1.8,1.0,1.8,3.0,1.0,1.7999999999999998,2.6,1.7999999999999998,1.8,2.6,2.6,2.787037037037037
15,30,7,3,4,0,0,2,5,2,2,4,0,5,3.857142857142857,1.0,2.037037037037037,3.4,1.7999999999999998,1.0,1.0,3.4,1.0,2.6,3.4,4.2,5.0,5.0,3.3622574955908293
16,13,25,3,1,4,1,2,1,4,2,4,1,4,4.0476190476190474,3.2666666666666666,4.703703703703704,3.4,4.2,4.2,1.0,3.4,4.2,4.2,3.4,4.2,4.2,4.2,2.7479717813051145
3,30,8,1,4,1,4,5,4,1,5,1,3,2,1.5714285714285714,1.0,2.185185185185185,1.8,1.7999999999999998,1.8,4.0,1.0,1.7999999999999998,1.8,1.0,1.8,2.6,2.6,2.9648589065255733
8,4,16,5,4,3,0,4,4,0,2,1,0,1,2.5238095238095237,4.466666666666667,3.3703703703703702,5.0,1.7999999999999998,3.4,1.0,1.7999999999999998,1.7999999999999998,1.0,3.4,1.8,5.0,1.8,1.4622574955908287
14,25,13,2,2,2,2,3,2,3,2,2,3,2,3.6666666666666665,1.666666666666666,2.9259259259259256,2.6,3.4,2.6,2.0,2.6,3.4,3.4,3.4,2.6,2.6,2.6,3.133024691358025
16,14,19,4,1,3,1,1,1,3,1,4,1,4,4.0476190476190474,3.1333333333333333,3.814814814814815,4.2,4.2,3.4,1.0,4.2,4.2,3.4,4.2,4.2,4.2,4.2,2.810934744268078
18,15,25,5,1,5,2,1,1,3,2,5,1,4,4.428571428571429,3.0,4.703703703703704,5.0,4.2,5.0,2.0,4.2,4.2,3.4,3.4,5.0,4.2,4.2,3.072178130511464
15,6,22,5,1,3,2,1,1,5,1,4,1,4,3.857142857142857,4.2,4.2592592592592595,5.0,4.2,3.4,2.0,4.2,4.2,5.0,4.2,4.2,4.2,4.2,2.4298500881834215
21,9,17,4,1,3,2,1,1,3,2,4,1,5,5.0,3.8,3.5185185185185186,4.2,4.2,3.4,2.0,4.2,4.2,3.4,3.4,4.2,4.2,5.0,2.5466049382716047
13,23,13,2,3,3,2,3,3,3,2,2,2,2,3.4761904761904763,1.9333333333333336,2.9259259259259256,2.6,2.6,3.4,2.0,2.6,2.6,3.4,3.4,2.6,3.4,2.6,2.95842151675485
16,4,27,3,1,4,2,1,3,2,2,0,1,5,4.0476190476190474,4.466666666666667,5.0,3.4,4.2,4.2,2.0,4.2,2.6,2.6,3.4,1.0,4.2,5.0,2.0019841269841265
17,5,19,4,1,4,2,2,1,3,2,5,1,5,4.238095238095238,4.333333333333334,3.814814814814815,4.2,4.2,4.2,2.0,3.4,4.2,3.4,3.4,5.0,4.2,5.0,2.2938712522045854
14,16,10,2,3,3,2,2,3,2,2,2,2,2,3.6666666666666665,2.8666666666666667,2.4814814814814814,2.6,2.6,3.4,2.0,3.4,2.6,2.6,3.4,2.6,3.4,2.6,2.481172839506173
15,6,9,1,3,0,4,4,1,4,2,1,0,0,3.857142857142857,4.2,2.333333333333333,1.8,2.6,1.0,4.0,1.7999999999999998,4.2,4.2,3.4,1.8,5.0,1.0,1.7329365079365078
20,11,8,0,1,3,1,5,0,0,4,4,1,3,4.809523809523809,3.533333333333333,2.185185185185185,1.0,4.2,3.4,1.0,1.0,5.0,1.0,1.7999999999999998,4.2,4.2,3.4,2.1081128747795415
8,30,2,1,5,2,3,4,4,1,4,1,3,1,2.5238095238095237,1.0,1.2962962962962963,1.8,1.0,2.6,3.0,1.7999999999999998,1.7999999999999998,1.8,1.7999999999999998,1.8,2.6,1.8,2.9591710758377427
1,26,2,1,4,1,4,5,4,1,5,1,3,1,1.1904761904761905,1.5333333333333332,1.2962962962962963,1.8,1.7999999999999998,1.8,4.0,1.0,1.7999999999999998,1.8,1.0,1.8,2.6,1.8,2.6119488536155204
6,25,6,1,5,2,3,5,5,1,4,1,3,2,2.142857142857143,1.666666666666666,1.8888888888888888,1.8,1.0,2.6,3.0,1.0,1.0,1.8,1.7999999999999998,1.8,2.6,2.6,2.6013227513227517
21,10,21,1,1,4,3,0,2,5,0,5,0,2,5.0,3.666666666666667,4.111111111111111,1.8,4.2,4.2,3.0,5.0,3.4,5.0,5.0,5.0,5.0,2.6,2.6796296296296296
1,25,6,1,4,1,3,5,5,2,5,1,3,1,1.1904761904761905,1.666666666666666,1.8888888888888888,1.8,1.7999999999999998,1.8,3.0,1.0,1.0,2.6,1.0,1.8,2.6,1.8,2.5283068783068785
15,11,21,3,1,3,2,1,2,3,1,5,1,5,3.857142857142857,3.533333333333333,4.111111111111111,3.4,4.2,3.4,2.0,4.2,3.4,3.4,4.2,5.0,4.2,5.0,2.6570105820105816
8,29,1,1,5,2,4,4,5,1,4,1,3,2,2.5238095238095237,1.1333333333333329,1.1481481481481481,1.8,1.0,2.6,4.0,1.7999999999999998,1.0,1.8,1.7999999999999998,1.8,2.6,2.6,2.92799823633157
10,21,10,2,3,2,2,3,3,2,3,3,3,3,2.9047619047619047,2.2,2.4814814814814814,2.6,2.6,2.6,2.0,2.6,2.6,2.6,2.6,3.4,2.6,3.4,2.749426807760141
4,27,3,1,4,1,3,4,5,1,5,1,3,1,1.7619047619047619,1.4000000000000004,1.4444444444444444,1.8,1.7999999999999998,1.8,3.0,1.7999999999999998,1.0,1.8,1.0,1.8,2.6,1.8,2.666931216931217
18,7,25,4,1,3,2,2,2,4,1,5,1,4,4.428571428571429,4.066666666666666,4.703703703703704,4.2,4.2,3.4,2.0,3.4,3.4,4.2,4.2,5.0,4.2,4.2,2.438844797178131
18,8,19,3,1,4,1,2,2,5,1,4,1,5,4.428571428571429,3.9333333333333336,3.814814814814815,3.4,4.2,4.2,1.0,3.4,3.4,5.0,4.2,4.2,4.2,5.0,2.4601410934744266
6,25,8,1,5,1,4,4,4,2,5,1,3,2,2.142857142857143,1.666666666666666,2.185185185185185,1.8,1.0,1.8,4.0,1.7999999999999998,1.7999999999999998,2.6,1.0,1.8,2.6,2.6,2.688668430335097
1,28,5,1,4,1,4,4,5,1,5,1,3,1,1.1904761904761905,1.2666666666666666,1.7407407407407407,1.8,1.7999999999999998,1.8,4.0,1.7999999999999998,1.0,1.8,1.0,1.8,2.6,1.8,2.7638007054673723
3,27,7,1,5,1,4,4,4,2,5,1,3,1,1.5714285714285714,1.4000000000000004,2.037037037037037,1.8,1.0,1.8,4.0,1.7999999999999998,1.7999999999999998,2.6,1.0,1.8,2.6,1.8,2.7586860670194002
14,25,9,2,2,3,3,2,2,3,3,3,2,3,3.6666666666666665,1.666666666666666,2.333333333333333,2.6,3.4,3.4,3.0,3.4,3.4,3.4,2.6,3.4,3.4,3.4,3.25
9,21,12,2,2,3,3,3,2,3,2,2,3,2,2.7142857142857144,2.2,2.7777777777777777,2.6,3.4,3.4,3.0,2.6,3.4,3.4,3.4,2.6,2.6,2.6,2.8955026455026456
18,12,23,5,1,4,2,1,1,3,1,4,1,4,4.428571428571429,3.4,4.407407407407407,5.0,4.2,4.2,2.0,4.2,4.2,3.4,4.2,4.2,4.2,4.2,2.826499118165785
8,28,5,1,5,2,4,4,4,2,4,1,3,1,2.5238095238095237,1.2666666666666666,1.7407407407407407,1.8,1.0,2.6,4.0,1.7999999999999998,1.7999999999999998,2.6,1.7999999999999998,1.8,2.6,1.8,2.9193562610229282
3,9,22,1,4,2,3,0,4,0,4,2,1,2,1.5714285714285714,3.8,4.2592592592592595,1.8,1.7999999999999998,2.6,3.0,5.0,1.7999999999999998,1.0,1.7999999999999998,2.6,4.2,2.6,1.84294532627866
13,16,14,2,2,2,2,2,2,3,2,2,3,2,3.4761904761904763,2.8666666666666667,3.074074074074074,2.6,3.4,2.6,2.0,3.4,3.4,3.4,3.4,2.6,2.6,2.6,2.564594356261023
7,22,1,5,5,5,5,2,2,5,3,4,0,1,2.333333333333333,2.066666666666667,1.1481481481481481,5.0,1.0,5.0,5.0,3.4,3.4,5.0,2.6,4.2,5.0,1.8,3.128395061728395
12,25,11,3,2,2,3,3,3,3,2,3,2,2,3.2857142857142856,1.666666666666666,2.6296296296296298,3.4,3.4,2.6,3.0,2.6,2.6,3.4,3.4,3.4,3.4,2.6,3.1798059964726635
14,23,10,3,3,2,2,3,2,3,3,3,2,2,3.6666666666666665,1.9333333333333336,2.4814814814814814,3.4,2.6,2.6,2.0,2.6,3.4,3.4,2.6,3.4,3.4,2.6,2.981172839506173
17,2,17,4,1,5,1,2,2,4,1,5,1,5,4.238095238095238,4.733333333333333,3.5185185185185186,4.2,4.2,5.0,1.0,3.4,3.4,4.2,4.2,5.0,4.2,5.0,2.10652557319224
0,27,3,1,4,1,3,4,5,1,4,1,3,2,1.0,1.4000000000000004,1.4444444444444444,1.8,1.7999999999999998,1.8,3.0,1.7999999999999998,1.0,1.8,1.7999999999999998,1.8,2.6,2.6,2.7018518518518517
18,13,18,5,1,5,2,1,1,3,2,4,1,4,4.428571428571429,3.2666666666666666,3.6666666666666665,5.0,4.2,5.0,2.0,4.2,4.2,3.4,3.4,4.2,4.2,4.2,2.8623015873015873
12,19,9,2,3,3,2,3,2,2,3,3,3,2,3.2857142857142856,2.466666666666667,2.333333333333333,2.6,2.6,3.4,2.0,2.6,3.4,2.6,2.6,3.4,2.6,2.6,2.659126984126984
13,21,12,2,2,3,3,3,2,2,2,2,3,2,3.4761904761904763,2.2,2.7777777777777777,2.6,3.4,3.4,3.0,2.6,3.4,2.6,3.4,2.6,2.6,2.6,2.893915343915344
11,20,11,3,2,2,2,2,3,3,2,2,2,2,3.0952380952380953,2.3333333333333335,2.6296296296296298,3.4,3.4,2.6,2.0,3.4,2.6,3.4,3.4,2.6,3.4,2.6,2.796869488536155
15,3,27,4,1,3,2,2,1,4,2,5,1,5,3.857142857142857,4.6,5.0,4.2,4.2,3.4,2.0,3.4,4.2,4.2,3.4,5.0,4.2,5.0,2.194047619047619
9,20,9,3,2,2,2,2,2,3,3,2,3,2,2.7142857142857144,2.3333333333333335,2.333333333333333,3.4,3.4,2.6,2.0,3.4,3.4,3.4,2.6,2.6,2.6,2.6,2.7686507936507936
2,25,7,1,4,1,4,4,5,1,5,1,3,2,1.380952380952381,1.666666666666666,2.037037037037037,1.8,1.7999999999999998,1.8,4.0,1.7999999999999998,1.0,1.8,1.0,1.8,2.6,2.6,2.6174162257495595
19,13,26,3,1,3,2,2,2,3,2,5,1,5,4.619047619047619,3.2666666666666666,4.851851851851851,3.4,4.2,3.4,2.0,3.4,3.4,3.4,3.4,5.0,4.2,5.0,2.7862874779541444
19,9,16,5,1,5,1,2,2,3,2,4,1,4,4.619047619047619,3.8,3.3703703703703702,5.0,4.2,5.0,1.0,3.4,3.4,3.4,3.4,4.2,4.2,4.2,2.4828924162257495
17,12,16,3,1,3,1,2,2,4,1,5,1,5,4.238095238095238,3.4,3.3703703703703702,3.4,4.2,3.4,1.0,3.4,3.4,4.2,4.2,5.0,4.2,5.0,2.6670194003527334
10,25,9,2,2,3,2,2,3,3,2,2,3,2,2.9047619047619047,1.666666666666666,2.333333333333333,2.6,3.4,3.4,2.0,3.4,2.6,3.4,3.4,2.6,2.6,2.6,3.109920634920635
6,27,5,1,5,1,4,5,4,2,4,1,3,1,2.142857142857143,1.4000000000000004,1.7407407407407407,1.8,1.0,1.8,4.0,1.0,1.7999999999999998,2.6,1.7999999999999998,1.8,2.6,1.8,2.7701499118165787
4,25,2,1,4,1,4,4,5,2,4,1,3,2,1.7619047619047619,1.666666666666666,1.2962962962962963,1.8,1.7999999999999998,1.8,4.0,1.7999999999999998,1.0,2.6,1.7999999999999998,1.8,2.6,2.6,2.6690917107583783
20,0,22,5,1,5,2,1,1,3,2,5,1,5,4.809523809523809,5.0,4.2592592592592595,5.0,4.2,5.0,2.0,4.2,4.2,3.4,3.4,5.0,4.2,5.0,2.1028659611992944
9,23,13,2,2,2,2,3,3,3,3,2,3,3,2.7142857142857144,1.9333333333333336,2.9259259259259256,2.6,3.4,2.6,2.0,2.6,2.6,3.4,2.6,2.6,2.6,3.4,2.9266754850088184
21,11,26,5,1,3,1,2,2,4,2,4,1,5,5.0,3.533333333333333,4.851851851851851,5.0,4.2,3.4,1.0,3.4,3.4,4.2,3.4,4.2,4.2,5.0,2.693827160493827
11,20,12,2,3,2,3,2,3,3,3,2,3,3,3.0952380952380953,2.3333333333333335,2.7777777777777777,2.6,2.6,2.6,3.0,3.4,2.6,3.4,2.6,2.6,2.6,3.4,2.7780423280423276
2,27,7,1,4,1,4,5,4,1,5,1,3,1,1.380952380952381,1.4000000000000004,2.037037037037037,1.8,1.7999999999999998,1.8,4.0,1.0,1.7999999999999998,1.8,1.0,1.8,2.6,1.8,2.717416225749559
10,23,11,3,2,2,3,3,3,3,2,2,2,2,2.9047619047619047,1.9333333333333336,2.6296296296296298,3.4,3.4,2.6,3.0,2.6,2.6,3.4,3.4,2.6,3.4,2.6,2.9972663139329807
15,3,24,5,1,3,2,2,1,4,2,4,1,5,3.857142857142857,4.6,4.555555555555555,5.0,4.2,3.4,2.0,3.4,4.2,4.2,3.4,4.2,4.2,5.0,2.1755291005291006
17,15,27,3,1,4,2,2,2,5,1,5,1,5,4.238095238095238,3.0,5.0,3.4,4.2,4.2,2.0,3.4,3.4,5.0,4.2,5.0,4.2,5.0,3.043253968253968
19,13,21,5,1,4,2,1,2,5,2,5,1,4,4.619047619047619,3.2666666666666666,4.111111111111111,5.0,4.2,4.2,2.0,4.2,3.4,5.0,3.4,5.0,4.2,4.2,2.922089947089947
12,0,5,3,3,5,5,2,0,1,4,0,1,4,3.2857142857142856,5.0,1.7407407407407407,3.4,2.6,5.0,5.0,3.4,5.0,1.8,1.7999999999999998,1.0,4.2,4.2,1.5927689594356262
17,1,15,4,1,5,2,2,2,3,2,5,1,5,4.238095238095238,4.866666666666667,3.2222222222222223,4.2,4.2,5.0,2.0,3.4,3.4,3.4,3.4,5.0,4.2,5.0,2.0025132275132274
20,6,17,4,1,3,1,2,2,4,2,4,1,5,4.809523809523809,4.2,3.5185185185185186,4.2,4.2,3.4,1.0,3.4,3.4,4.2,3.4,4.2,4.2,5.0,2.263668430335097
20,10,21,3,1,3,1,2,2,4,1,4,1,4,4.809523809523809,3.666666666666667,4.111111111111111,3.4,4.2,3.4,1.0,3.4,3.4,4.2,4.2,4.2,4.2,4.2,2.5216931216931218
10,24,10,2,3,3,2,2,2,2,2,3,3,3,2.9047619047619047,1.7999999999999998,2.4814814814814814,2.6,2.6,3.4,2.0,3.4,3.4,2.6,3.4,3.4,2.6,3.4,3.082760141093474
18,11,26,3,1,4,2,1,2,5,2,5,1,4,4.428571428571429,3.533333333333333,4.851851851851851,3.4,4.2,4.2,2.0,4.2,3.4,5.0,3.4,5.0,4.2,4.2,2.7450176366843033
19,13,21,5,1,5,2,2,1,3,1,4,1,5,4.619047619047619,3.2666666666666666,4.111111111111111,5.0,4.2,5.0,2.0,3.4,4.2,3.4,4.2,4.2,4.2,5.0,2.9220899470899475
18,6,18,3,1,3,1,1,1,5,2,5,1,4,4.428571428571429,4.2,3.6666666666666665,3.4,4.2,3.4,1.0,4.2,4.2,5.0,3.4,5.0,4.2,4.2,2.3206349206349204
1,27,6,1,5,2,3,4,5,1,4,1,3,1,1.1904761904761905,1.4000000000000004,1.8888888888888888,1.8,1.0,2.6,3.0,1.7999999999999998,1.0,1.8,1.7999999999999998,1.8,2.6,1.8,2.694973544973545
10,25,12,3,2,3,3,3,3,3,3,3,3,3,2.9047619047619047,1.666666666666666,2.7777777777777777,3.4,3.4,3.4,3.0,2.6,2.6,3.4,2.6,3.4,2.6,3.4,3.203439153439154
21,12,15,4,1,5,2,2,1,3,1,4,1,4,5.0,3.4,3.2222222222222223,4.2,4.2,5.0,2.0,3.4,4.2,3.4,4.2,4.2,4.2,4.2,2.767592592592593
15,6,18,3,1,4,2,2,1,3,2,5,1,5,3.857142857142857,4.2,3.6666666666666665,3.4,4.2,4.2,2.0,3.4,4.2,3.4,3.4,5.0,4.2,5.0,2.30515873015873
3,27,3,1,4,2,4,5,4,1,5,1,3,2,1.5714285714285714,1.4000000000000004,1.4444444444444444,1.8,1.7999999999999998,2.6,4.0,1.0,1.7999999999999998,1.8,1.0,1.8,2.6,2.6,2.7673280423280424
6,29,0,1,5,2,4,4,4,2,4,1,3,2,2.142857142857143,1.1333333333333329,1.0,1.8,1.0,2.6,4.0,1.7999999999999998,1.7999999999999998,2.6,1.7999999999999998,1.8,2.6,2.6,2.972619047619048
21,5,23,5,1,5,1,1,1,3,1,5,1,4,5.0,4.333333333333334,4.407407407407407,5.0,4.2,5.0,1.0,4.2,4.2,3.4,4.2,5.0,4.2,4.2,2.4086419753086417
18,14,24,3,1,4,1,1,2,3,1,5,1,5,4.428571428571429,3.1333333333333333,4.555555555555555,3.4,4.2,4.2,1.0,4.2,3.4,3.4,4.2,5.0,4.2,5.0,2.8910052910052912
6,30,4,1,5,1,3,4,5,1,4,1,3,2,2.142857142857143,1.0,1.5925925925925926,1.8,1.0,1.8,3.0,1.7999999999999998,1.0,1.8,1.7999999999999998,1.8,2.6,2.6,2.922310405643739
17,9,18,3,1,3,1,2,1,3,1,5,1,4,4.238095238095238,3.8,3.6666666666666665,3.4,4.2,3.4,1.0,3.4,4.2,3.4,4.2,5.0,4.2,4.2,2.4460317460317462
4,28,4,1,5,2,3,5,5,2,5,1,3,1,1.7619047619047619,1.2666666666666666,1.5925925925925926,1.8,1.0,2.6,3.0,1.0,1.0,2.6,1.0,1.8,2.6,1.8,2.7397707231040567
9,24,14,2,3,2,2,2,3,2,2,2,2,3,2.7142857142857144,1.7999999999999998,3.074074074074074,2.6,2.6,2.6,2.0,3.4,2.6,2.6,3.4,2.6,3.4,3.4,2.999514991181658
16,14,18,4,1,5,1,2,2,3,1,4,1,5,4.0476190476190474,3.1333333333333333,3.6666666666666665,4.2,4.2,5.0,1.0,3.4,3.4,3.4,4.2,4.2,4.2,5.0,2.8380952380952382
10,20,14,2,3,2,2,2,2,3,2,3,3,2,2.9047619047619047,2.3333333333333335,3.074074074074074,2.6,2.6,2.6,2.0,3.4,3.4,3.4,3.4,3.4,2.6,2.6,2.8074514991181654
4,29,6,1,5,2,3,4,5,2,5,1,3,2,1.7619047619047619,1.1333333333333329,1.8888888888888888,1.8,1.0,2.6,3.0,1.7999999999999998,1.0,2.6,1.0,1.8,2.6,2.6,2.8854497354497357
11,20,11,2,2,2,3,2,3,2,3,2,3,2,3.0952380952380953,2.3333333333333335,2.6296296296296298,2.6,3.4,2.6,3.0,3.4,2.6,2.6,2.6,2.6,2.6,2.6,2.738536155202822
13,25,11,3,2,3,2,2,2,3,3,2,2,3,3.4761904761904763,1.666666666666666,2.6296296296296298,3.4,3.4,3.4,2.0,3.4,3.4,3.4,2.6,2.6,3.4,3.4,3.212742504409171
17,2,24,4,1,5,2,2,1,3,2,5,1,4,4.238095238095238,4.733333333333333,4.555555555555555,4.2,4.2,5.0,2.0,3.4,4.2,3.4,3.4,5.0,4.2,4.2,2.1247354497354496
7,25,5,1,5,1,4,4,5,1,5,1,3,2,2.333333333333333,1.666666666666666,1.7407407407407407,1.8,1.0,1.8,4.0,1.7999999999999998,1.0,1.8,1.0,1.8,2.6,2.6,2.61141975308642
21,1,19,5,1,5,2,1,1,3,1,5,1,5,5.0,4.866666666666667,3.814814814814815,5.0,4.2,5.0,2.0,4.2,4.2,3.4,4.2,5.0,4.2,5.0,2.1922839506172838
1,26,0,1,5,2,4,4,5,2,4,1,3,2,1.1904761904761905,1.5333333333333332,1.0,1.8,1.0,2.6,4.0,1.7999999999999998,1.0,2.6,1.7999999999999998,1.8,2.6,2.6,2.699603174603175
20,11,26,4,1,5,2,1,2,3,1,5,1,4,4.809523809523809,3.533333333333333,4.851851851851851,4.2,4.2,5.0,2.0,4.2,3.4,3.4,4.2,5.0,4.2,4.2,2.794223985890653
6,25,7,1,4,1,4,5,5,1,4,1,3,1,2.142857142857143,1.666666666666666,2.037037037037037,1.8,1.7999999999999998,1.8,4.0,1.0,1.0,1.8,1.7999999999999998,1.8,2.6,1.8,2.615828924162258
10,21,11,3,3,2,3,3,3,2,2,2,2,3,2.9047619047619047,2.2,2.6296296296296298,3.4,2.6,2.6,3.0,2.6,2.6,2.6,3.4,2.6,3.4,3.4,2.8305996472663137
17,24,12,3,1,3,4,0,5,5,3,2,0,3,4.238095238095238,1.7999999999999998,2.7777777777777777,3.4,4.2,3.4,4.0,5.0,1.0,5.0,2.6,2.6,5.0,3.4,3.333994708994709
18,2,24,3,1,4,2,2,2,5,2,4,1,4,4.428571428571429,4.733333333333333,4.555555555555555,3.4,4.2,4.2,2.0,3.4,3.4,5.0,3.4,4.2,4.2,4.2,2.066005291005291
7,26,3,1,5,1,3,5,5,2,4,1,3,2,2.333333333333333,1.5333333333333332,1.4444444444444444,1.8,1.0,1.8,3.0,1.0,1.0,2.6,1.7999999999999998,1.8,2.6,2.6,2.6574074074074074
10,20,13,2,2,2,3,3,2,2,3,3,3,2,2.9047619047619047,2.3333333333333335,2.9259259259259256,2.6,3.4,2.6,3.0,2.6,3.4,2.6,2.6,3.4,2.6,2.6,2.776278659611993
17,10,27,4,1,4,1,1,1,5,2,4,1,5,4.238095238095238,3.666666666666667,5.0,4.2,4.2,4.2,1.0,4.2,4.2,5.0,3.4,4.2,4.2,5.0,2.7015873015873013
19,2,23,3,1,4,2,2,2,3,1,4,1,4,4.619047619047619,4.733333333333333,4.407407407407407,3.4,4.2,4.2,2.0,3.4,3.4,3.4,4.2,4.2,4.2,4.2,2.034435626102293
9,29,6,3,4,5,0,4,5,5,1,3,1,5,2.7142857142857144,1.1333333333333329,1.8888888888888888,3.4,1.7999999999999998,5.0,1.0,1.7999999999999998,1.0,5.0,4.2,3.4,4.2,5.0,3.4417989417989423
19,10,15,4,1,5,1,1,1,4,1,4,1,4,4.619047619047619,3.666666666666667,3.2222222222222223,4.2,4.2,5.0,1.0,4.2,4.2,4.2,4.2,4.2,4.2,4.2,2.6433862433862436
21,3,23,5,1,5,2,2,1,4,2,5,1,5,5.0,4.6,4.407407407407407,5.0,4.2,5.0,2.0,3.4,4.2,4.2,3.4,5.0,4.2,5.0,2.3169753086419758
8,28,2,1,4,1,4,4,5,1,4,1,3,1,2.5238095238095237,1.2666666666666666,1.2962962962962963,1.8,1.7999999999999998,1.8,4.0,1.7999999999999998,1.0,1.8,1.7999999999999998,1.8,2.6,1.8,2.8341710758377427
21,8,21,5,1,5,2,2,2,5,2,5,1,5,5.0,3.9333333333333336,4.111111111111111,5.0,4.2,5.0,2.0,3.4,3.4,5.0,3.4,5.0,4.2,5.0,2.6379629629629626
2,30,27,1,5,1,5,3,4,0,4,2,1,2,1.380952380952381,1.0,5.0,1.8,1.0,1.8,5.0,2.6,1.7999999999999998,1.0,1.7999999999999998,2.6,4.2,2.6,3.182539682539683
9,23,10,2,2,3,2,3,3,3,2,2,3,2,2.7142857142857144,1.9333333333333336,2.4814814814814814,2.6,3.4,3.4,2.0,2.6,2.6,3.4,3.4,2.6,2.6,2.6,2.9414902998236334
9,17,9,2,2,2,3,3,3,2,2,2,2,2,2.7142857142857144,2.7333333333333334,2.333333333333333,2.6,3.4,2.6,3.0,2.6,2.6,2.6,3.4,2.6,3.4,2.6,2.5103174603174603
3,5,0,5,2,0,2,0,2,4,2,1,1,2,1.5714285714285714,4.333333333333334,1.0,5.0,3.4,1.0,2.0,5.0,3.4,4.2,3.4,1.8,4.2,2.6,1.76547619047619
17,14,20,5,1,3,2,2,1,3,2,4,1,4,4.238095238095238,3.1333333333333333,3.962962962962963,5.0,4.2,3.4,2.0,3.4,4.2,3.4,3.4,4.2,4.2,4.2,2.833377425044092
0,25,2,1,5,2,4,5,5,2,4,1,3,1,1.0,1.666666666666666,1.2962962962962963,1.8,1.0,2.6,4.0,1.0,1.0,2.6,1.7999999999999998,1.8,2.6,1.8,2.5706790123456793
9,23,11,2,3,3,2,2,2,2,2,3,2,2,2.7142857142857144,1.9333333333333336,2.6296296296296298,2.6,2.6,3.4,2.0,3.4,3.4,2.6,3.4,3.4,3.4,2.6,2.980996472663139
15,1,25,4,1,3,1,2,1,3,1,5,1,5,3.857142857142857,4.866666666666667,4.703703703703704,4.2,4.2,3.4,1.0,3.4,4.2,3.4,4.2,5.0,4.2,5.0,2.0067019400352732
6,27,2,1,5,1,3,5,5,2,5,1,3,2,2.142857142857143,1.4000000000000004,1.2962962962962963,1.8,1.0,1.8,3.0,1.0,1.0,2.6,1.0,1.8,2.6,2.6,2.67663139329806
5,29,8,1,5,1,4,4,4,2,4,1,3,1,1.9523809523809523,1.1333333333333329,2.185185185185185,1.8,1.0,1.8,4.0,1.7999999999999998,1.7999999999999998,2.6,1.7999999999999998,1.8,2.6,1.8,2.947398589065256
0,25,4,1,4,1,4,5,4,1,4,1,3,2,1.0,1.666666666666666,1.5925925925925926,1.8,1.7999999999999998,1.8,4.0,1.0,1.7999999999999998,1.8,1.7999999999999998,1.8,2.6,2.6,2.6163580246913583
13,25,12,2,2,3,3,3,3,2,2,3,3,3,3.4761904761904763,1.666666666666666,2.7777777777777777,2.6,3.4,3.4,3.0,2.6,2.6,2.6,3.4,3.4,2.6,3.4,3.1939153439153447
9,19,14,2,2,2,3,3,2,2,2,3,2,2,2.7142857142857144,2.466666666666667,3.074074074074074,2.6,3.4,2.6,3.0,2.6,3.4,2.6,3.4,3.4,3.4,2.6,2.7411816578483243
5,20,7,4,1,5,3,0,4,3,0,3,0,5,1.9523809523809523,2.3333333333333335,2.037037037037037,4.2,4.2,5.0,3.0,5.0,1.7999999999999998,3.4,5.0,3.4,5.0,5.0,3.1662257495590826
19,3,23,1,5,2,3,2,0,5,2,5,1,4,4.619047619047619,4.6,4.407407407407407,1.8,1.0,2.6,3.0,3.4,5.0,5.0,3.4,5.0,4.2,4.2,2.0094356261022925
6,25,0,1,4,2,4,5,4,1,4,1,3,2,2.142857142857143,1.666666666666666,1.0,1.8,1.7999999999999998,2.6,4.0,1.0,1.7999999999999998,1.8,1.7999999999999998,1.8,2.6,2.6,2.6726190476190483
14,17,12,5,4,5,5,2,5,5,2,0,1,3,3.6666666666666665,2.7333333333333334,2.7777777777777777,5.0,1.7999999999999998,5.0,5.0,3.4,1.0,5.0,3.4,1.0,4.2,3.4,2.8185185185185184
10,16,14,2,2,3,3,3,2,2,2,3,3,2,2.9047619047619047,2.8666666666666667,3.074074074074074,2.6,3.4,3.4,3.0,2.6,3.4,2.6,3.4,3.4,2.6,2.6,2.5824514991181657
2,26,5,1,4,2,3,5,4,2,5,1,3,1,1.380952380952381,1.5333333333333332,1.7407407407407407,1.8,1.7999999999999998,2.6,3.0,1.0,1.7999999999999998,2.6,1.0,1.8,2.6,1.8,2.663403880070547
12,21,9,2,3,3,3,2,3,2,3,3,3,3,3.2857142857142856,2.2,2.333333333333333,2.6,2.6,3.4,3.0,3.4,2.6,2.6,2.6,3.4,2.6,3.4,2.8674603174603175
19,11,24,4,1,5,2,1,2,3,2,5,1,4,4.619047619047619,3.533333333333333,4.555555555555555,4.2,4.2,5.0,2.0,4.2,3.4,3.4,3.4,5.0,4.2,4.2,2.7406084656084655
14,25,12,3,3,2,2,2,3,3,2,2,3,3,3.6666666666666665,1.666666666666666,2.7777777777777777,3.4,2.6,2.6,2.0,3.4,2.6,3.4,3.4,2.6,2.6,3.4,3.1601851851851857
1,7,21,0,0,4,2,3,0,4,4,0,0,2,1.1904761904761905,4.066666666666666,4.111111111111111,1.0,5.0,4.2,2.0,2.6,5.0,4.2,1.7999999999999998,1.0,5.0,2.6,1.9125661375661378
0,25,5,1,5,1,3,5,4,1,5,1,3,2,1.0,1.666666666666666,1.7407407407407407,1.8,1.0,1.8,3.0,1.0,1.7999999999999998,1.8,1.0,1.8,2.6,2.6,2.5141975308641977
21,8,22,4,5,5,3,2,5,1,4,4,0,3,5.0,3.9333333333333336,4.2592592592592595,4.2,1.0,5.0,3.0,3.4,1.0,1.8,1.7999999999999998,4.2,5.0,3.4,2.1191358024691356
21,30,0,3,0,4,1,3,4,3,3,3,1,3,5.0,1.0,1.0,3.4,5.0,4.2,1.0,2.6,1.7999999999999998,3.4,2.6,3.4,4.2,3.4,3.533333333333333
10,23,13,3,3,3,2,3,2,2,3,2,3,2,2.9047619047619047,1.9333333333333336,2.9259259259259256,3.4,2.6,3.4,2.0,2.6,3.4,2.6,2.6,2.6,2.6,2.6,2.9346119929453263
3,29,3,1,4,2,4,5,4,2,5,1,3,1,1.5714285714285714,1.1333333333333329,1.4444444444444444,1.8,1.7999999999999998,2.6,4.0,1.0,1.7999999999999998,2.6,1.0,1.8,2.6,1.8,2.900661375661376
8,27,1,1,5,1,4,5,4,1,4,1,3,2,2.5238095238095237,1.4000000000000004,1.1481481481481481,1.8,1.0,1.8,4.0,1.0,1.7999999999999998,1.8,1.7999999999999998,1.8,2.6,2.6,2.761331569664903
5,26,0,1,5,2,3,4,4,1,4,1,3,2,1.9523809523809523,1.5333333333333332,1.0,1.8,1.0,2.6,3.0,1.7999999999999998,1.7999999999999998,1.8,1.7999999999999998,1.8,2.6,2.6,2.68968253968254
19,0,24,4,1,3,2,1,2,5,2,5,1,4,4.619047619047619,5.0,4.555555555555555,4.2,4.2,3.4,2.0,4.2,3.4,5.0,3.4,5.0,4.2,4.2,2.007275132275132
5,30,1,1,4,2,3,4,5,1,4,1,3,1,1.9523809523809523,1.0,1.1481481481481481,1.8,1.7999999999999998,2.6,3.0,1.7999999999999998,1.0,1.8,1.7999999999999998,1.8,2.6,1.8,2.929188712522046
21,3,0,1,3,3,4,0,3,2,4,1,1,1,5.0,4.6,1.0,1.8,2.6,3.4,4.0,5.0,2.6,2.6,1.7999999999999998,1.8,4.2,1.8,1.591666666666667
17,5,27,3,1,3,1,2,1,4,1,4,1,5,4.238095238095238,4.333333333333334,5.0,3.4,4.2,3.4,1.0,3.4,4.2,4.2,4.2,4.2,4.2,5.0,2.268253968253968
9,29,13,5,3,5,4,1,4,1,0,3,1,3,2.7142857142857144,1.1333333333333329,2.9259259259259256,5.0,2.6,5.0,4.0,4.2,1.7999999999999998,1.8,5.0,3.4,4.2,3.4,3.6766754850088184
5,27,2,1,4,2,3,4,5,1,4,1,3,1,1.9523809523809523,1.4000000000000004,1.2962962962962963,1.8,1.7999999999999998,2.6,3.0,1.7999999999999998,1.0,1.8,1.7999999999999998,1.8,2.6,1.8,2.7353615520282184
21,1,22,3,1,3,1,1,1,4,2,4,1,4,5.0,4.866666666666667,4.2592592592592595,3.4,4.2,3.4,1.0,4.2,4.2,4.2,3.4,4.2,4.2,4.2,1.9691358024691359
19,27,3,5,5,5,5,5,0,1,2,1,0,4,4.619047619047619,1.4000000000000004,1.4444444444444444,5.0,1.0,5.0,5.0,1.0,5.0,1.8,3.4,1.8,5.0,4.2,3.435978835978836
12,22,12,3,3,2,3,3,2,3,2,3,2,2,3.2857142857142856,2.066666666666667,2.7777777777777777,3.4,2.6,2.6,3.0,2.6,3.4,3.4,3.4,3.4,3.4,2.6,2.9859788359788357
17,10,16,5,1,4,2,1,1,4,1,5,1,4,4.238095238095238,3.666666666666667,3.3703703703703702,5.0,4.2,4.2,2.0,4.2,4.2,4.2,4.2,5.0,4.2,4.2,2.7086860670194004
16,1,20,4,1,5,2,2,1,4,1,5,1,4,4.0476190476190474,4.866666666666667,3.962962962962963,4.2,4.2,5.0,2.0,3.4,4.2,4.2,4.2,5.0,4.2,4.2,2.09210758377425
6,26,7,1,4,2,4,5,5,1,5,1,3,2,2.142857142857143,1.5333333333333332,2.037037037037037,1.8,1.7999999999999998,2.6,4.0,1.0,1.0,1.8,1.0,1.8,2.6,2.6,2.7158289241622575
14,23,11,2,2,2,2,3,3,2,2,2,2,3,3.6666666666666665,1.9333333333333336,2.6296296296296298,2.6,3.4,2.6,2.0,2.6,2.6,2.6,3.4,2.6,3.4,3.4,2.954012345679012
18,5,17,3,1,5,1,2,2,4,1,5,1,4,4.428571428571429,4.333333333333334,3.5185185185185186,3.4,4.2,5.0,1.0,3.4,3.4,4.2,4.2,5.0,4.2,4.2,2.2477954144620806
1,28,3,1,5,1,3,4,4,1,5,1,3,2,1.1904761904761905,1.2666666666666666,1.4444444444444444,1.8,1.0,1.8,3.0,1.7999999999999998,1.7999999999999998,1.8,1.0,1.8,2.6,2.6,2.7431216931216933
19,12,17,5,1,4,2,1,2,4,2,5,1,5,4.619047619047619,3.4,3.5185185185185186,5.0,4.2,4.2,2.0,4.2,3.4,4.2,3.4,5.0,4.2,5.0,2.8307319223985887
3,17,18,3,3,0,3,2,0,1,4,0,1,1,1.5714285714285714,2.7333333333333334,3.6666666666666665,3.4,2.6,1.0,3.0,3.4,5.0,1.8,1.7999999999999998,1.0,4.2,1.8,2.384920634920635
7,25,0,1,4,1,4,5,5,1,5,1,3,2,2.333333333333333,1.666666666666666,1.0,1.8,1.7999999999999998,1.8,4.0,1.0,1.0,1.8,1.0,1.8,2.6,2.6,2.5805555555555557
5,9,6,4,5,4,0,2,0,0,2,5,0,3,1.9523809523809523,3.8,1.8888888888888888,4.2,1.0,4.2,1.0,3.4,5.0,1.0,3.4,5.0,5.0,3.4,2.0767195767195767
10,25,14,3,2,2,2,3,2,2,2,2,2,3,2.9047619047619047,1.666666666666666,3.074074074074074,3.4,3.4,2.6,2.0,2.6,3.4,2.6,3.4,2.6,3.4,3.4,3.1407848324514998
20,10,16,5,1,5,1,2,2,4,2,5,1,5,4.809523809523809,3.666666666666667,3.3703703703703702,5.0,4.2,5.0,1.0,3.4,3.4,4.2,3.4,5.0,4.2,5.0,2.657495590828924
5,23,19,1,5,2,0,3,2,5,4,2,1,3,1.9523809523809523,1.9333333333333336,3.814814814814815,1.8,1.0,2.6,1.0,2.6,3.4,5.0,1.7999999999999998,2.6,4.2,3.4,2.82363315696649
21,15,26,4,1,4,1,2,2,5,1,4,1,5,5.0,3.0,4.851851851851851,4.2,4.2,4.2,1.0,3.4,3.4,5.0,4.2,4.2,4.2,5.0,3.0271604938271603
6,13,20,0,2,2,4,5,3,2,1,2,1,0,2.142857142857143,3.2666666666666666,3.962962962962963,1.0,3.4,2.6,4.0,1.0,2.6,2.6,4.2,2.6,4.2,1.0,2.162742504409171
10,24,11,3,3,2,2,3,2,3,3,2,2,2,2.9047619047619047,1.7999999999999998,2.6296296296296298,3.4,2.6,2.6,2.0,2.6,3.4,3.4,2.6,2.6,3.4,2.6,2.9889329805996474
15,1,23,3,1,3,2,2,1,4,2,5,1,5,3.857142857142857,4.866666666666667,4.407407407407407,3.4,4.2,3.4,2.0,3.4,4.2,4.2,3.4,5.0,4.2,5.0,2.0026895943562604
12,20,12,3,3,3,2,3,2,3,2,3,2,2,3.2857142857142856,2.3333333333333335,2.7777777777777777,3.4,2.6,3.4,2.0,2.6,3.4,3.4,3.4,3.4,3.4,2.6,2.844312169312169
10,19,12,3,3,2,3,3,3,2,3,2,3,2,2.9047619047619047,2.466666666666667,2.7777777777777777,3.4,2.6,2.6,3.0,2.6,2.6,2.6,2.6,2.6,2.6,2.6,2.636772486772487
11,8,3,2,3,1,2,4,3,1,0,2,0,5,3.0952380952380953,3.9333333333333336,1.4444444444444444,2.6,2.6,1.8,2.0,1.7999999999999998,2.6,1.8,5.0,2.6,5.0,5.0,1.8808201058201057
20,19,22,4,1,3,1,3,1,2,0,4,1,4,4.809523809523809,2.466666666666667,4.2592592592592595,4.2,4.2,3.4,1.0,2.6,4.2,2.6,5.0,4.2,4.2,4.2,3.1278659611992943
1,27,6,1,4,1,4,5,5,1,5,1,3,1,1.1904761904761905,1.4000000000000004,1.8888888888888888,1.8,1.7999999999999998,1.8,4.0,1.0,1.0,1.8,1.0,1.8,2.6,1.8,2.6699735449735447
7,30,3,1,4,1,3,4,4,2,5,1,3,2,2.333333333333333,1.0,1.4444444444444444,1.8,1.7999999999999998,1.8,3.0,1.7999999999999998,1.7999999999999998,2.6,1.0,1.8,2.6,2.6,2.990740740740741
3,29,1,1,4,1,4,4,5,1,5,1,3,2,1.5714285714285714,1.1333333333333329,1.1481481481481481,1.8,1.7999999999999998,1.8,4.0,1.7999999999999998,1.0,1.8,1.0,1.8,2.6,2.6,2.854982363315697
14,12,24,0,0,2,2,2,2,0,2,4,1,1,3.6666666666666665,3.4,4.555555555555555,1.0,5.0,2.6,2.0,3.4,3.4,1.0,3.4,4.2,4.2,1.8,2.3009259259259256
12,5,24,0,4,4,5,3,5,2,0,2,0,4,3.2857142857142856,4.333333333333334,4.555555555555555,1.0,1.7999999999999998,4.2,5.0,2.6,1.0,2.6,5.0,2.6,5.0,4.2,1.91005291005291
20,11,17,5,1,4,2,1,1,4,1,4,1,5,4.809523809523809,3.533333333333333,3.5185185185185186,5.0,4.2,4.2,2.0,4.2,4.2,4.2,4.2,4.2,4.2,5.0,2.805335097001764
8,6,25,4,1,2,4,0,4,4,0,3,1,4,2.5238095238095237,4.2,4.703703703703704,4.2,4.2,2.6,4.0,5.0,1.7999999999999998,4.2,5.0,3.4,4.2,4.2,2.3094797178130513
2,27,2,1,5,1,4,4,4,1,5,1,3,2,1.380952380952381,1.4000000000000004,1.2962962962962963,1.8,1.0,1.8,4.0,1.7999999999999998,1.7999999999999998,1.8,1.0,1.8,2.6,2.6,2.719885361552028
12,17,13,2,3,3,2,2,3,2,3,2,2,2,3.2857142857142856,2.7333333333333334,2.9259259259259256,2.6,2.6,3.4,2.0,3.4,2.6,2.6,2.6,2.6,3.4,2.6,2.517151675485009
10,15,12,3,2,2,3,3,3,3,2,2,2,3,2.9047619047619047,3.0,2.7777777777777777,3.4,3.4,2.6,3.0,2.6,2.6,3.4,3.4,2.6,3.4,3.4,2.503439153439153
16,12,22,4,1,3,1,2,2,5,2,5,1,5,4.0476190476190474,3.4,4.2592592592592595,4.2,4.2,3.4,1.0,3.4,3.4,5.0,3.4,5.0,4.2,5.0,2.7294532627865955
15,12,16,4,1,4,2,2,1,3,2,4,1,5,3.857142857142857,3.4,3.3703703703703702,4.2,4.2,4.2,2.0,3.4,4.2,3.4,3.4,4.2,4.2,5.0,2.692813051146384
6,30,5,1,5,1,4,5,5,2,4,1,3,2,2.142857142857143,1.0,1.7407407407407407,1.8,1.0,1.8,4.0,1.0,1.0,2.6,1.7999999999999998,1.8,2.6,2.6,2.970149911816579
1,28,7,1,4,2,4,4,4,1,4,1,3,2,1.1904761904761905,1.2666666666666666,2.037037037037037,1.8,1.7999999999999998,2.6,4.0,1.7999999999999998,1.7999999999999998,1.8,1.7999999999999998,1.8,2.6,2.6,2.9094797178130514
1,26,3,1,5,2,3,4,5,1,5,1,3,1,1.1904761904761905,1.5333333333333332,1.4444444444444444,1.8,1.0,2.6,3.0,1.7999999999999998,1.0,1.8,1.0,1.8,2.6,1.8,2.5764550264550268
16,3,27,4,1,5,2,2,1,4,2,4,1,4,4.0476190476190474,4.6,5.0,4.2,4.2,5.0,2.0,3.4,4.2,4.2,3.4,4.2,4.2,4.2,2.201984126984127
11,23,26,5,0,0,5,1,3,3,1,2,0,4,3.0952380952380953,1.9333333333333336,4.851851851851851,5.0,5.0,1.0,5.0,4.2,2.6,3.4,4.2,2.6,5.0,4.2,3.4144620811287476
21,14,24,4,1,5,1,1,1,3,2,5,1,5,5.0,3.1333333333333333,4.555555555555555,4.2,4.2,5.0,1.0,4.2,4.2,3.4,3.4,5.0,4.2,5.0,2.981481481481481
14,18,13,2,2,2,2,2,3,2,2,3,3,3,3.6666666666666665,2.6,2.9259259259259256,2.6,3.4,2.6,2.0,3.4,2.6,2.6,3.4,3.4,2.6,3.4,2.6996913580246913
2,26,2,1,5,2,3,4,5,2,5,1,3,2,1.380952380952381,1.5333333333333332,1.2962962962962963,1.8,1.0,2.6,3.0,1.7999999999999998,1.0,2.6,1.0,1.8,2.6,2.6,2.6448853615520282
13,25,10,2,2,2,2,3,3,2,3,2,2,3,3.4761904761904763,1.666666666666666,2.4814814814814814,2.6,3.4,2.6,2.0,2.6,2.6,2.6,2.6,2.6,3.4,3.4,3.0399029982363324
19,5,24,4,1,3,2,2,1,4,1,5,1,4,4.619047619047619,4.333333333333334,4.555555555555555,4.2,4.2,3.4,2.0,3.4,4.2,4.2,4.2,5.0,4.2,4.2,2.3406084656084656
16,12,24,5,1,3,1,2,2,3,2,4,1,5,4.0476190476190474,3.4,4.555555555555555,5.0,4.2,3.4,1.0,3.4,3.4,3.4,3.4,4.2,4.2,5.0,2.675132275132275
15,13,17,5,1,4,1,1,2,5,1,4,1,5,3.857142857142857,3.2666666666666666,3.5185185185185186,5.0,4.2,4.2,1.0,4.2,3.4,5.0,4.2,4.2,4.2,5.0,2.8573192239858907
14,16,20,1,0,2,2,4,0,1,0,2,0,0,3.6666666666666665,2.8666666666666667,3.962962962962963,1.8,5.0,2.6,2.0,1.7999999999999998,5.0,1.8,5.0,2.6,5.0,1.0,2.576234567901235
10,18,12,3,2,3,2,3,2,3,2,3,3,2,2.9047619047619047,2.6,2.7777777777777777,3.4,3.4,3.4,2.0,2.6,3.4,3.4,3.4,3.4,2.6,2.6,2.7284391534391537
13,16,13,2,3,2,3,3,2,3,3,2,2,3,3.4761904761904763,2.8666666666666667,2.9259259259259256,2.6,2.6,2.6,3.0,2.6,3.4,3.4,2.6,2.6,3.4,3.4,2.53342151675485
15,13,23,4,1,3,2,2,1,5,1,5,1,5,3.857142857142857,3.2666666666666666,4.407407407407407,4.2,4.2,3.4,2.0,3.4,4.2,5.0,4.2,5.0,4.2,5.0,2.9026895943562607
4,25,6,1,5,2,4,4,5,2,5,1,3,2,1.7619047619047619,1.666666666666666,1.8888888888888888,1.8,1.0,2.6,4.0,1.7999999999999998,1.0,2.6,1.0,1.8,2.6,2.6,2.660449735449736
0,28,0,1,4,2,4,5,5,1,5,1,3,2,1.0,1.2666666666666666,1.0,1.8,1.7999999999999998,2.6,4.0,1.0,1.0,1.8,1.0,1.8,2.6,2.6,2.7583333333333333
3,10,14,3,4,5,2,5,4,3,4,3,1,2,1.5714285714285714,3.666666666666667,3.074074074074074,3.4,1.7999999999999998,5.0,2.0,1.0,1.7999999999999998,3.4,1.7999999999999998,3.4,4.2,2.6,1.95189594356261
2,15,18,5,1,1,3,5,4,4,3,3,1,3,1.380952380952381,3.0,3.6666666666666665,5.0,4.2,1.8,3.0,1.0,1.7999999999999998,4.2,2.6,3.4,4.2,3.4,2.476984126984127
15,7,21,4,1,5,2,2,1,3,1,5,1,4,3.857142857142857,4.066666666666666,4.111111111111111,4.2,4.2,5.0,2.0,3.4,4.2,3.4,4.2,5.0,4.2,4.2,2.4570105820105823
10,25,9,2,2,3,3,2,3,2,2,3,2,2,2.9047619047619047,1.666666666666666,2.333333333333333,2.6,3.4,3.4,3.0,3.4,2.6,2.6,3.4,3.4,3.4,2.6,3.151587301587302
21,1,17,3,1,5,1,1,1,4,2,5,1,5,5.0,4.866666666666667,3.5185185185185186,3.4,4.2,5.0,1.0,4.2,4.2,4.2,3.4,5.0,4.2,5.0,2.0716049382716046
6,4,12,4,1,4,4,1,4,4,3,0,0,0,2.142857142857143,4.466666666666667,2.7777777777777777,4.2,4.2,4.2,4.0,4.2,1.7999999999999998,4.2,2.6,1.0,5.0,1.0,1.7800264550264548
19,3,24,3,1,5,1,2,2,5,1,4,1,4,4.619047619047619,4.6,4.555555555555555,3.4,4.2,5.0,1.0,3.4,3.4,5.0,4.2,4.2,4.2,4.2,2.165608465608466
9,13,18,5,0,3,2,5,2,4,1,4,1,2,2.7142857142857144,3.2666666666666666,3.6666666666666665,5.0,5.0,3.4,2.0,1.0,3.4,4.2,4.2,4.2,4.2,2.6,2.590873015873016
4,29,4,1,5,1,4,5,5,1,4,1,3,1,1.7619047619047619,1.1333333333333329,1.5925925925925926,1.8,1.0,1.8,4.0,1.0,1.0,1.8,1.7999999999999998,1.8,2.6,1.8,2.814770723104057
20,10,18,3,1,3,2,1,2,4,1,5,1,4,4.809523809523809,3.666666666666667,3.6666666666666665,3.4,4.2,3.4,2.0,4.2,3.4,4.2,4.2,5.0,4.2,4.2,2.6115079365079366
19,16,9,4,3,1,3,1,2,0,0,3,1,0,4.619047619047619,2.8666666666666667,2.333333333333333,4.2,2.6,1.8,3.0,4.2,3.4,1.0,5.0,3.4,4.2,1.0,2.5896825396825394
6,11,24,4,1,0,3,2,0,3,2,1,1,2,2.142857142857143,3.533333333333333,4.555555555555555,4.2,4.2,1.0,3.0,3.4,5.0,3.4,3.4,1.8,4.2,2.6,2.3457671957671957
19,11,25,4,1,5,1,2,1,4,2,4,1,5,4.619047619047619,3.533333333333333,4.703703703703704,4.2,4.2,5.0,1.0,3.4,4.2,4.2,3.4,4.2,4.2,5.0,2.738447971781305
13,20,9,2,3,3,3,2,3,2,3,2,3,3,3.4761904761904763,2.3333333333333335,2.333333333333333,2.6,2.6,3.4,3.0,3.4,2.6,2.6,2.6,2.6,2.6,3.4,2.7753968253968253
1,30,4,1,5,1,3,5,5,1,4,1,3,1,1.1904761904761905,1.0,1.5925925925925926,1.8,1.0,1.8,3.0,1.0,1.0,1.8,1.7999999999999998,1.8,2.6,1.8,2.8159611992945326
7,17,0,4,5,5,1,1,2,1,1,1,0,1,2.333333333333333,2.7333333333333334,1.0,4.2,1.0,5.0,1.0,4.2,3.4,1.8,4.2,1.8,5.0,1.8,2.4555555555555557
11,17,14,3,3,2,2,3,2,2,2,3,3,2,3.0952380952380953,2.7333333333333334,3.074074074074074,3.4,2.6,2.6,2.0,2.6,3.4,2.6,3.4,3.4,2.6,2.6,2.5820546737213403
9,12,8,0,0,0,1,4,0,1,1,1,1,3,2.7142857142857144,3.4,2.185185185185185,1.0,5.0,1.0,1.0,1.7999999999999998,5.0,1.8,4.2,1.8,4.2,3.4,2.087477954144621
4,26,3,1,5,2,3,4,5,1,4,1,3,1,1.7619047619047619,1.5333333333333332,1.4444444444444444,1.8,1.0,2.6,3.0,1.7999999999999998,1.0,1.8,1.7999999999999998,1.8,2.6,1.8,2.6335978835978837
21,0,19,5,1,3,1,1,2,5,1,4,1,4,5.0,5.0,3.814814814814815,5.0,4.2,3.4,1.0,4.2,3.4,5.0,4.2,4.2,4.2,4.2,1.983950617283951
18,6,15,3,0,3,0,3,3,4,3,3,1,5,4.428571428571429,4.2,3.2222222222222223,3.4,5.0,3.4,1.0,2.6,2.6,4.2,2.6,3.4,4.2,5.0,2.102116402116402
