Feature,Importance
headache,0.2943837300123783
sleep_quality,0.22753742765978288
peer_pressure,0.1776570321525094
anxiety_level,0.13945020427377203
study_load,0.07946947838393444
self_esteem,0.06312969237507175
depression,0.008808627501740142
social_support,0.005244846801434278
teacher_student_relationship,0.00431896083937682
basic_needs,0.0
living_conditions,0.0
noise_level,0.0
future_career_concerns,0.0
